id,exam_type,grade,topic,subtopic,skills,difficulty,cognitive_level,estimated_time_seconds,type,question,option_A,option_B,option_C,option_D,answer,explanation,source_type,source,license,knowledge_id
q_tsa_01,TSA,Toán 12,Giải tích,GTLN - GTNN & Tối ưu hóa thực tế,skill_modeling;skill_calculation;skill_reasoning,Khó,M4,120,single_choice,"Một doanh nghiệp dự định sản xuất bồn chứa nước bằng inox hình trụ có nắp đậy với dung tích cố định \(V = 2\pi\text{ m}^3\). Chi phí làm nắp và đáy là 1,5 triệu đồng/\(\text{m}^2\), chi phí làm mặt xung quanh là 1,0 triệu đồng/\(\text{m}^2\). Xác định bán kính đáy \(r\) (theo mét) để tổng chi phí sản xuất bồn là nhỏ nhất.",\(r = \sqrt[3]{2/3}\text{ m}\),\(r = \sqrt[3]{3/2}\text{ m}\),\(r = 1\text{ m}\),\(r = \sqrt{2/3}\text{ m}\),A,"Bước 1 (Ràng buộc): Thể tích \(V = \pi r^2 h = 2\pi \implies h = \frac{2}{r^2}\).<br>Bước 2: Chi phí \(C(r) = 1,5(2\pi r^2) + 1,0(2\pi r h) = 3\pi r^2 + \frac{4\pi}{r}\).<br>Bước 3: Tách AM-GM: \(C(r) = 3\pi r^2 + \frac{2\pi}{r} + \frac{2\pi}{r} \ge 3\sqrt[3]{3\pi r^2 \cdot \frac{2\pi}{r} \cdot \frac{2\pi}{r}} = 3\sqrt[3]{12\pi^3}\).<br>Dấu '=' xảy ra khi \(3\pi r^2 = \frac{2\pi}{r} \iff r^3 = \frac{2}{3} \iff r = \sqrt[3]{\frac{2}{3}}\text{ m}\).",official,Đề thi TSA Đại học Bách Khoa Hà Nội,CC BY-NC-SA 4.0,kb_toan12_01
q_tsa_02,TSA,Toán 12,Hình học,GTLN - GTNN & Tối ưu hóa thực tế,skill_spatial;skill_reasoning,Trung bình,M3,90,single_choice,Một kênh dẫn nước có mặt cắt ngang là hình thang cân với đáy bé và hai cạnh bên đều có độ dài bằng \(a = 2\text{ m}\). Góc nghiêng giữa cạnh bên và phương ngang là \(\alpha\) (\(0 < \alpha < \frac{\pi}{2}\)). Tìm \(\alpha\) để diện tích mặt cắt ngang \(S(\alpha)\) đạt giá trị lớn nhất.,\(\alpha = 45^\circ\),\(\alpha = 60^\circ\),\(\alpha = 30^\circ\),\(\alpha = 75^\circ\),B,"Chiều cao: \(h = 2\sin\alpha\). Đáy lớn: \(B = 2 + 4\cos\alpha\).<br>Diện tích: \(S(\alpha) = \frac{(B+a)h}{2} = 4(1+\cos\alpha)\sin\alpha\).<br>Đạo hàm: \(S'(\alpha) = 4(2\cos^2\alpha + \cos\alpha - 1) = 0\). Với \(t = \cos\alpha \in (0, 1)\), ta có \(2t^2 + t - 1 = 0 \implies t = 1/2 \implies \alpha = 60^\circ = \pi/3\). Khi đó \(S_{\max} = 3\sqrt{3}\text{ m}^2\).",official,Đề thi TSA Đại học Bách Khoa Hà Nội,CC BY-NC-SA 4.0,kb_toan10_03
q_tsa_03,TSA,Toán 12,Xác suất,Cực trị & Tính đơn điệu hàm số,skill_probability;skill_reasoning;skill_data_analysis,Khó,M4,120,single_choice,"Hai hãng taxi công nghệ A và B cạnh tranh tại một thành phố. Ban đầu thị phần của A là 70%, B là 30%. Hàng năm, 80% khách của A tiếp tục dùng A, 20% chuyển sang B; trong khi 60% khách của B tiếp tục dùng B, 40% chuyển sang A. Xác định thị phần cân bằng dài hạn của hãng A.","60,00%","66,67%","67,20%","75,00%",B,"Ma trận chuyển trạng thái theo cột: \(P = \begin{pmatrix} 0,80 & 0,40 \\ 0,20 & 0,60 \end{pmatrix}\).<br>Trạng thái cân bằng dừng \((P - I)\pi = 0\) thỏa: \(-0,20\pi_A + 0,40\pi_B = 0 \iff \pi_A = 2\pi_B\).<br>Kết hợp \(\pi_A + \pi_B = 1 \implies \pi_A = 2/3 \approx 66,67\%\).",adapted,Tuyển tập Tư duy Toán học TSA,CC BY-NC-SA 4.0,kb_dstt_05
q_tsa_04,TSA,Toán 12,Đại số,Cực trị & Tính đơn điệu hàm số,skill_calculation;skill_reasoning,Trung bình,M3,90,single_choice,"Dãy số \(\{a_n\}\) thỏa mãn: \(a_1 = 5, a_2 = 13\) và \(a_n = 5a_{n-1} - 6a_{n-2}\) với mọi \(n \ge 3\). Giá trị của số hạng \(a_{10}\) bằng:",60073,59049,61440,58925,A,"Phương trình đặc trưng: \(r^2 - 5r + 6 = 0 \iff r_1 = 2, r_2 = 3\).<br>Nghiệm tổng quát: \(a_n = A \cdot 2^n + B \cdot 3^n\).<br>Từ hệ giá trị đầu: \(2A + 3B = 5\) và \(4A + 9B = 13 \implies A = 1, B = 1\).<br>Do đó \(a_n = 2^n + 3^n \implies a_{10} = 2^{10} + 3^{10} = 1024 + 59049 = 60073\).",official,Đề thi TSA Bách Khoa,CC BY-NC-SA 4.0,kb_toan11_02
q_tsa_05,TSA,Toán 12,Hình học,Cực trị & Tính đơn điệu hàm số,skill_spatial;skill_reasoning,Trung bình,M3,90,single_choice,"Trong không gian \(Oxyz\) (đơn vị: km), trạm kiểm soát không lưu đặt tại gốc tọa độ \(O(0,0,0)\). Một máy bay đang bay theo đường thẳng \(d: \begin{cases} x = 12 + 2t \\ y = 9 - t \\ z = 6 + 2t \end{cases}\). Khoảng cách ngắn nhất từ máy bay đến trạm kiểm soát \(O\) là:",\(12\text{ km}\),\(6\sqrt{5}\text{ km}\),\(15\text{ km}\),\(3\sqrt{10}\text{ km}\),B,"Vị trí máy bay \(M(12+2t, 9-t, 6+2t)\).<br>Khoảng cách bình phương: \(OM^2(t) = (12+2t)^2 + (9-t)^2 + (6+2t)^2 = 9t^2 + 54t + 261\).<br>Tam thức bậc 2 đạt cực tiểu tại đỉnh parabol: \(t = -54/18 = -3\).<br>\(OM^2_{\min} = 9(-3)^2 + 54(-3) + 261 = 180 \implies d_{\min} = \sqrt{180} = 6\sqrt{5} \approx 13,42\text{ km}\).",official,Đề thi TSA Bách Khoa,CC BY-NC-SA 4.0,kb_toan12_04
q_tsa_06,TSA,Toán 12,Hình học,Phương trình Mặt phẳng & Đường thẳng Oxyz,skill_spatial;skill_reasoning,Khó,M4,120,single_choice,"Trong hệ trục tọa độ \(Oxyz\) (đơn vị: mét), hai dây cáp treo chéo nhau có phương trình: \(d_1: \frac{x - 10}{2} = \frac{y - 20}{1} = \frac{z - 30}{2}\) và \(d_2: \frac{x + 10}{1} = \frac{y + 10}{2} = \frac{z - 10}{-2}\). Khoảng cách ngắn nhất giữa hai dây cáp treo này là:",\(10\text{ m}\),\(\frac{40}{3}\text{ m}\),\(15\text{ m}\),\(\frac{35}{3}\text{ m}\),B,"\(d_1\) qua \(M_1(10,20,30)\), \(\vec{u}_1 = (2,1,2)\).<br>\(d_2\) qua \(M_2(-10,-10,10)\), \(\vec{u}_2 = (1,2,-2)\).<br>\(\vec{M_1 M_2} = (-20, -30, -20)\).<br>Tích có hướng: \([\vec{u}_1, \vec{u}_2] = (-6, 6, 3)\), độ dài \(= \sqrt{36+36+9} = 9\).<br>Tích vô hướng: \(|[\vec{u}_1, \vec{u}_2] \cdot \vec{M_1 M_2}| = |(-6)(-20) + 6(-30) + 3(-20)| = |-120| = 120\).<br>Khoảng cách: \(d = 120 / 9 = 40/3\text{ m}\).",official,Đề thi TSA Bách Khoa,CC BY-NC-SA 4.0,kb_toan12_04
q_tsa_07,TSA,Toán 12,Đại số,"Phương trình, Bất phương trình Mũ & Logarit",skill_calculation;skill_reasoning,Dễ,M2,60,single_choice,"Cho đoạn mã giả sau: Nhập a = 42, b = 70, Count = 0. Khi (a ≠ b) thực hiện: Count = Count + 1; Nếu (a > b) thì a = a - b, ngược lại b = b - a. Xuất ra: a, Count. Giá trị xuất ra của Count khi thuật toán kết thúc là:",2,3,4,5,B,"Bước 1: a=42, b=70 -> b = 70 - 42 = 28, Count = 1.<br>Bước 2: a=42, b=28 -> a = 42 - 28 = 14, Count = 2.<br>Bước 3: a=14, b=28 -> b = 28 - 14 = 14, Count = 3.<br>Khi này a = b = 14, điều kiện lặp dừng lại. Xuất ra Count = 3 và a = 14 (ƯCLN của 42 và 70).",official,Đề thi TSA Bách Khoa,CC BY-NC-SA 4.0,kb_toan10_01
q_tsa_08,TSA,Toán 12,Đại số,Cực trị & Tính đơn điệu hàm số,skill_calculation;skill_reasoning,Trung bình,M3,90,single_choice,"Cho đoạn mã giả: P = 1, k = 1. Khi (P ≤ 1000) thực hiện: k = k + 1, P = P * 2 + k. Xác định giá trị xuất ra của k và P khi vòng lặp dừng lại.","k = 8, P = 502","k = 9, P = 1013","k = 9, P = 1000","k = 10, P = 2036",B,"Chạy bảng trạng thái (Trace table): kết thúc ở vòng lặp thứ 8: k = 9 và P = 502 * 2 + 9 = 1013 > 1000, dừng vòng lặp.",official,Đề thi TSA Bách Khoa,CC BY-NC-SA 4.0,kb_toan11_02
q_tsa_09,TSA,Toán 12,Giải tích,GTLN - GTNN & Tối ưu hóa thực tế,skill_calculation;skill_reasoning,Trung bình,M3,90,single_choice,"Nồng độ thuốc \(C(t)\) (đơn vị: mg/L) trong máu sau \(t\) giờ được mô hình hóa bởi hàm số \(C(t) = 4t \cdot e^{-0,5t}\) (\(t \ge 0\)). Nồng độ thuốc đạt giá trị cao nhất tại thời điểm nào và bằng bao nhiêu?","\(t = 1\text{ h}, C_{\max} = 4e^{-0,5}\)","\(t = 2\text{ h}, C_{\max} = \frac{8}{e}\)","\(t = 4\text{ h}, C_{\max} = \frac{16}{e^2}\)","\(t = 2\text{ h}, C_{\max} = \frac{4}{e}\)",B,"Đạo hàm: \(C'(t) = 2(2 - t)e^{-0,5t} = 0 \iff t = 2\). Giá trị lớn nhất \(C(2) = 4(2)e^{-1} = 8/e \approx 2,94\text{ mg/L}\).",official,Đề thi TSA Bách Khoa,CC BY-NC-SA 4.0,kb_toan12_01
q_tsa_10,TSA,Toán 12,Xác suất,"Quy tắc đếm, Tổ hợp & Xác suất cổ điển",skill_probability;skill_reasoning;skill_data_analysis,Khó,M4,120,single_choice,"Có 15 suất học bổng giống nhau cần trao cho 4 viện đào tạo. Hỏi có bao nhiêu cách phân chia nếu Viện 1 nhận ít nhất 3 suất, Viện 2 nhận ít nhất 2 suất, Viện 3 và Viện 4 mỗi viện nhận ít nhất 1 suất?",120,165,220,286,B,Đổi biến về tổng các số nguyên dương: \(y_1 + y_2 + x_3 + x_4 = 15 - 2 - 1 = 12\). Số cách chia là \(C_{12 - 1}^{4 - 1} = C_{11}^3 = 165\).,official,Đề thi TSA Bách Khoa,CC BY-NC-SA 4.0,kb_toan10_05
q_tsa_11,TSA,Toán 12,Hình học,Cực trị & Tính đơn điệu hàm số,skill_spatial;skill_reasoning,Trung bình,M3,90,single_choice,"Tính diện tích của ngũ giác phẳng có tọa độ các đỉnh theo thứ tự vòng quanh là \(A(1, 2), B(5, 4), C(6, 8), D(2, 7), E(0, 4)\) bằng công thức Shoelace (dây giày Gauss).",18,20,22,24,B,Công thức Shoelace: \(S = \frac{1}{2} |\sum (x_i y_{i+1} - x_{i+1} y_i)| = \frac{1}{2} |94 - 54| = 20\).,adapted,Toán Cao cấp Ứng dụng TSA,CC BY-NC-SA 4.0,kb_toan10_04
q_tsa_12,TSA,Toán 12,Giải tích,Nguyên hàm & Tích phân đa phương pháp,skill_calculation;skill_reasoning,Dễ,M2,60,single_choice,Tính giá trị của tích phân đối xứng \(I = \int_0^{\pi/2} \frac{\sin^3 x}{\sin^3 x + \cos^3 x} dx\) bằng định lý King.,\(\pi/2\),\(\pi/4\),\(\pi/3\),\(1\),B,Áp dụng định lý King: \(I = \frac{b - a}{2} = \frac{\pi/2 - 0}{2} = \frac{\pi}{4}\).,adapted,Toán Cao cấp Ứng dụng TSA,CC BY-NC-SA 4.0,kb_toan12_03
q_tsa_13,TSA,Toán 12,Xác suất,"Quy tắc đếm, Tổ hợp & Xác suất cổ điển",skill_probability;skill_reasoning;skill_data_analysis,Khó,M4,120,single_choice,"Thời tiết mỗi ngày có 3 trạng thái: 1-Nắng, 2-Mây, 3-Mưa với ma trận chuyển \(P = \begin{pmatrix} 0,7 & 0,2 & 0,1 \\ 0,2 & 0,6 & 0,3 \\ 0,1 & 0,2 & 0,6 \end{pmatrix}\). Nếu thứ Hai là ngày Nắng (\(v_0 = (1, 0, 0)^T\)), xác suất ngày thứ Tư (sau 2 ngày) có mưa là:",10%,17%,29%,54%,B,"Sau 1 ngày (thứ Ba): \(v_1 = P \cdot v_0 = (0,7; 0,2; 0,1)^T\).<br>Sau 2 ngày (thứ Tư): \(v_2 = P \cdot v_1\). Thành phần mưa (dòng 3): \(0,1(0,7) + 0,2(0,2) + 0,6(0,1) = 0,07 + 0,04 + 0,06 = 0,17 = 17\%\).",official,Đề thi TSA Bách Khoa,CC BY-NC-SA 4.0,kb_dstt_05
q_tsa_14,TSA,Toán 12,Giải tích,Cực trị & Tính đơn điệu hàm số,skill_calculation;skill_reasoning,Trung bình,M3,90,single_choice,Cho hàm số \(f(x) = \frac{x^2 - 3x + 6}{x - 1}\). Giá trị cực đại \(y_{\text{CĐ}}\) và giá trị cực tiểu \(y_{\text{CT}}\) thỏa mãn hệ thức nào sau đây?,\(y_{\text{CĐ}} = -5 < y_{\text{CT}} = 3\),\(y_{\text{CĐ}} = 3 > y_{\text{CT}} = -5\),\(y_{\text{CĐ}} = 5 > y_{\text{CT}} = -3\),\(y_{\text{CĐ}} = -3 < y_{\text{CT}} = 5\),A,Đạo hàm: \(f'(x) = \frac{x^2 - 2x - 3}{(x-1)^2} = 0 \iff x = -1\) hoặc \(x = 3\).<br>Tại \(x = -1\) là điểm cực đại có \(y_{\text{CĐ}} = f(-1) = -5\). Tại \(x = 3\) là điểm cực tiểu có \(y_{\text{CT}} = f(3) = 3\). Rõ ràng \(y_{\text{CĐ}} = -5 < y_{\text{CT}} = 3\).,official,Đề thi TSA Bách Khoa,CC BY-NC-SA 4.0,kb_toan12_01
q_tsa_15,TSA,Toán 12,Đại số,Cực trị & Tính đơn điệu hàm số,skill_calculation;skill_reasoning,Dễ,M2,60,single_choice,"Dãy Fibonacci \(\{F_n\}\) thỏa mãn \(F_0 = 0, F_1 = 1, F_n = F_{n-1} + F_{n-2}\). Giới hạn tỉ số liên tiếp \(\lim_{n \to \infty} \frac{F_{n+1}}{F_n}\) (tỉ số vàng \(\varphi\)) bằng:",\(\frac{1 + \sqrt{5}}{2}\),\(\frac{1 - \sqrt{5}}{2}\),\(\sqrt{5} - 1\),"\(1,5\)",A,"Đặt \(x = \lim \frac{F_{n+1}}{F_n}\). Từ hệ thức \(F_{n+1} = F_n + F_{n-1}\), chia 2 vế cho \(F_n\): \(x = 1 + \frac{1}{x} \iff x^2 - x - 1 = 0\). Vì \(x > 0\) nên \(x = \frac{1 + \sqrt{5}}{2} \approx 1,618\) (Tỉ số vàng).",official,Đề thi TSA Bách Khoa,CC BY-NC-SA 4.0,kb_toan11_02
q_tsa_16,TSA,Toán 12,Giải tích,GTLN - GTNN & Tối ưu hóa thực tế,skill_modeling;skill_calculation;skill_reasoning,Dễ,M2,60,single_choice,Một dây chuyền sản xuất vi mạch có chi phí cố định là 50 triệu đồng và chi phí sản xuất mỗi linh kiện là \(C(x) = 2x^2 + 40x\) (nghìn đồng). Giá bán mỗi linh kiện là 120 nghìn đồng. Số lượng linh kiện \(x\) cần sản xuất để tối đa hóa lợi nhuận là:,20 linh kiện,25 linh kiện,30 linh kiện,40 linh kiện,A,"Hàm lợi nhuận: \(\pi(x) = R(x) - C(x) = 120x - (2x^2 + 40x) = -2x^2 + 80x\).<br>Đạo hàm \(\pi'(x) = -4x + 80 = 0 \iff x = 20\). Do hệ số \(a = -2 < 0\), parabol đạt cực đại tại \(x = 20\).",official,Đề thi TSA Bách Khoa,CC BY-NC-SA 4.0,kb_toan10_03
q_tsa_17,TSA,Toán 12,Xác suất,"Quy tắc đếm, Tổ hợp & Xác suất cổ điển",skill_probability;skill_reasoning;skill_data_analysis,Dễ,M2,60,single_choice,"Một hệ thống cung cấp điện an toàn gồm 3 bộ biến áp hoạt động độc lập mắc song song. Xác suất để mỗi bộ biến áp bị hỏng trong năm là 0,05. Xác suất để toàn hệ thống vẫn hoạt động (ít nhất 1 bộ biến áp không hỏng) là:","0,999875","0,950000","0,997500","0,999900",A,"Biến cố đối là cả 3 bộ biến áp đều bị hỏng: \(P(\text{Hỏng cả 3}) = 0,05^3 = 0,000125\).<br>Xác suất hệ thống vẫn hoạt động: \(P = 1 - 0,000125 = 0,999875\).",official,Đề thi TSA Bách Khoa,CC BY-NC-SA 4.0,kb_toan11_05
q_tsa_18,TSA,Toán 12,Hình học,Phương trình Mặt phẳng & Đường thẳng Oxyz,skill_spatial;skill_reasoning,Dễ,M2,60,single_choice,"Trong không gian \(Oxyz\), hai tuyến cáp quang ngầm đặt dọc theo hai vectơ \(\vec{u}_1 = (1, 2, 2)\) và \(\vec{u}_2 = (2, -1, 2)\). Góc \(\theta\) giữa hai tuyến cáp quang này thỏa mãn:",\(\cos\theta = \frac{4}{9}\),\(\cos\theta = \frac{2}{9}\),\(\cos\theta = \frac{1}{3}\),\(\cos\theta = \frac{5}{9}\),A,Áp dụng công thức góc giữa hai đường thẳng: \(\cos\theta = \frac{|\vec{u}_1 \cdot \vec{u}_2|}{|\vec{u}_1| \cdot |\vec{u}_2|}\).<br>Tích vô hướng: \(|1(2) + 2(-1) + 2(2)| = |2 - 2 + 4| = 4\).<br>Độ dài: \(|\vec{u}_1| = \sqrt{1+4+4} = 3\); \(|\vec{u}_2| = \sqrt{4+1+4} = 3\).<br>Do đó \(\cos\theta = \frac{4}{3 \cdot 3} = \frac{4}{9}\).,official,Đề thi TSA Bách Khoa,CC BY-NC-SA 4.0,kb_toan12_04
q_tsa_19,TSA,Toán 12,Giải tích,GTLN - GTNN & Tối ưu hóa thực tế,skill_modeling;skill_calculation;skill_reasoning,Khó,M4,120,single_choice,"Một cửa sổ Norman có hình dạng gồm một hình chữ nhật phía dưới gắn liền với một nửa hình tròn phía trên. Biết chu vi toàn bộ cửa sổ là \(P = 10\text{ m}\). Để diện tích cửa sổ lớn nhất (thu được nhiều ánh sáng nhất), bán kính nửa hình tròn \(r\) phải bằng:",\(r = \frac{10}{\pi + 4}\text{ m}\),\(r = \frac{5}{\pi + 2}\text{ m}\),\(r = 1\text{ m}\),\(r = \frac{10}{2\pi + 1}\text{ m}\),A,"Đáy hình chữ nhật là \(2r\), chiều cao là \(h\). Chu vi: \(2r + 2h + \pi r = 10 \implies h = 5 - r - \frac{\pi}{2}r\).<br>Diện tích: \(S(r) = 2r h + \frac{1}{2}\pi r^2 = 2r(5 - r - \frac{\pi}{2}r) + \frac{1}{2}\pi r^2 = 10r - (2 + \frac{\pi}{2})r^2\).<br>Đạo hàm: \(S'(r) = 10 - (4 + \pi)r = 0 \iff r = \frac{10}{\pi + 4}\text{ m}\).",official,Đề thi TSA Bách Khoa,CC BY-NC-SA 4.0,kb_toan12_01
q_tsa_20,TSA,Toán 12,Giải tích,Cực trị & Tính đơn điệu hàm số,skill_calculation;skill_reasoning,Dễ,M2,60,single_choice,Cho hàm số \(y = f(x)\) có bảng biến thiên đạo hàm \(f'(x) = (x-1)^2(x+2)(x-3)^3\). Số điểm cực trị của hàm số \(f(x)\) là:,1,2,3,4,B,Điểm cực trị chỉ xảy ra khi đạo hàm đổi dấu qua nghiệm bội lẻ. Ở đây: \((x-1)^2\) là nghiệm bội chẵn (không đổi dấu); \(x+2\) là nghiệm bội lẻ 1 (đổi dấu); \((x-3)^3\) là nghiệm bội lẻ 3 (đổi dấu). Vậy hàm số có đúng 2 điểm cực trị (tại \(x = -2\) và \(x = 3\)).,official,Đề thi TSA Bách Khoa,CC BY-NC-SA 4.0,kb_toan12_01
q_tsa_21,TSA,Toán 12,Đại số,Cực trị & Tính đơn điệu hàm số,skill_calculation;skill_reasoning,Khó,M4,120,single_choice,"Một công ty dự định đầu tư tối đa 100 tỷ đồng vào 2 dự án X và Y. Dự án X yêu cầu tối thiểu 20 tỷ và sinh lời 12%/năm. Dự án Y yêu cầu tối thiểu 30 tỷ và sinh lời 15%/năm. Do rủi ro thanh khoản, số tiền đầu tư vào Y không được vượt quá 2 lần số tiền đầu tư vào X. Lợi nhuận hàng năm lớn nhất mà công ty có thể đạt được là:","13,8 tỷ đồng","14,0 tỷ đồng","14,4 tỷ đồng","15,0 tỷ đồng",B,"Gọi x, y lần lượt là số tiền đầu tư vào X và Y (tỷ đồng).<br>Hệ ràng buộc: x + y ≤ 100, x ≥ 20, y ≥ 30, y ≤ 2x.<br>Miền nghiệm là tứ giác với các đỉnh: A(20, 30), B(20, 40), C(100/3, 200/3), D(70, 30).<br>Lợi nhuận L(x, y) = 0,12x + 0,15y.<br>Tính tại C(100/3, 200/3): L = 0,12(100/3) + 0,15(200/3) = 4 + 10 = 14,0 tỷ đồng.",official,Đề thi TSA Bách Khoa,CC BY-NC-SA 4.0,kb_toan10_02
q_tsa_22,TSA,Toán 12,Giải tích,Cực trị & Tính đơn điệu hàm số,skill_calculation;skill_reasoning,Khó,M4,120,single_choice,"Mô hình tăng trưởng số lượng tài khoản của một mạng xã hội thỏa mãn phương trình logistic: \(N(t) = \frac{50}{1 + 9e^{-0,4t}}\) (triệu tài khoản, t tính bằng tháng). Tốc độ tăng trưởng số lượng người dùng \(N'(t)\) đạt giá trị cực đại khi số lượng người dùng đạt mức nào?",25 triệu tài khoản,50 triệu tài khoản,9 triệu tài khoản,"12,5 triệu tài khoản",A,Phương trình vi phân logistic: dN/dt = k N (1 - N/K) với dung lượng cực hạn K = 50 triệu.<br>Hàm bậc hai f(N) = k N (K - N) đạt cực đại tại đỉnh parabol: N = K / 2 = 50 / 2 = 25 triệu tài khoản.<br>Đây là điểm uốn của đường cong logistic hình chữ S.,official,Đề thi TSA Bách Khoa,CC BY-NC-SA 4.0,kb_toan12_01
q_tsa_23,TSA,Toán 12,Giải tích,GTLN - GTNN & Tối ưu hóa thực tế,skill_calculation;skill_reasoning,Khó,M4,120,single_choice,"Một đường cáp viễn thông nối từ trạm phát A trên bờ biển thẳng đến điểm C trên một hòn đảo cách bờ 6 km. Trạm thu B trên bờ cách hình chiếu H của C một khoảng 8 km. Chi phí đặt 1 km cáp dưới nước là 50 triệu đồng, chi phí đặt trên đất liền là 30 triệu đồng. Vị trí tiếp bờ P (nằm giữa H và B) cách H một khoảng x bằng bao nhiêu để tổng chi phí nhỏ nhất?","4,5 km","4,0 km","3,5 km","5,0 km",A,"Khoảng cách dưới nước: PC = √(6² + x²) = √(36 + x²).<br>Khoảng cách trên cạn: PB = 8 - x.<br>Hàm chi phí: C(x) = 50√(36 + x²) + 30(8 - x).<br>C'(x) = 50x / √(36 + x²) - 30 = 0 ⇔ 5x / √(36 + x²) = 3 ⇔ 25x² = 9(36 + x²) ⇔ 16x² = 324 ⇔ x = 18/4 = 4,5 km.",official,Đề thi TSA Bách Khoa,CC BY-NC-SA 4.0,kb_toan12_01
q_tsa_24,TSA,Toán 12,Hình học,Mặt cầu & Khoảng cách trong Oxyz,skill_spatial;skill_reasoning,Dễ,M2,60,single_choice,Một chùm vệ tinh định vị gồm 4 vệ tinh bay theo quỹ đạo tròn đồng quy tại tâm Trái Đất. Khoảng cách giữa 2 vệ tinh bất kỳ luôn bằng nhau. Vị trí 4 vệ tinh tạo thành 4 đỉnh của một khối đa diện đều nào?,Tứ diện đều,Hình lập phương,Bát diện đều,Mười hai mặt đều,A,Khối đa diện có 4 đỉnh cách đều nhau đôi một và cùng nội tiếp một mặt cầu duy nhất là tứ diện đều (Regular Tetrahedron).,official,Đề thi TSA Bách Khoa,CC BY-NC-SA 4.0,kb_toan12_04
q_tsa_25,TSA,Toán 12,Đại số,Cực trị & Tính đơn điệu hàm số,skill_calculation;skill_reasoning,Dễ,M2,60,single_choice,Một bộ lọc thông dải điện tử có hàm truyền đạt \(H(\omega) = \frac{1}{\sqrt{1 + \omega^4}}\). Băng thông \(\omega_c\) tại điểm công suất giảm một nửa thỏa mãn \(|H(\omega_c)|^2 = 1/2\). Giá trị của \(\omega_c\) bằng:,1 rad/s,√2 rad/s,2 rad/s,1/√2 rad/s,A,Ta có: |H(ω)|² = 1 / (1 + ω⁴) = 1/2 ⇔ 1 + ω⁴ = 2 ⇔ ω⁴ = 1 ⇔ ω = 1 (vì tần số góc ω > 0).,official,Đề thi TSA Bách Khoa,CC BY-NC-SA 4.0,kb_dstt_02
q_tsa_26,TSA,Toán 12,Thống kê,Cực trị & Tính đơn điệu hàm số,skill_probability;skill_data_analysis,Khó,M4,120,single_choice,"Bảng dữ liệu đo lực căng T (Newton) theo độ giãn x (cm) của một sợi dây cao su như sau: (1; 2.1), (2; 4.0), (3; 5.9), (4; 8.1). Hệ số góc hồi quy tuyến tính \(T = ax + b\) tính theo phương pháp bình phương bé nhất gần nhất với giá trị nào?","2,00","1,95","2,05","2,10",A,"x̄ = (1+2+3+4)/4 = 2,5. T̄ = (2,1 + 4,0 + 5,9 + 8,1)/4 = 20,1/4 = 5,025.<br>∑(x - x̄)² = (-1,5)² + (-0,5)² + 0,5² + 1,5² = 2,25 + 0,25 + 0,25 + 2,25 = 5.<br>∑(x - x̄)(T - T̄) = (-1,5)(-2,925) + (-0,5)(-1,025) + 0,5(0,875) + 1,5(3,075) = 4,3875 + 0,5125 + 0,4375 + 4,6125 = 9,95.<br>a = 9,95 / 5 = 1,99 ≈ 2,00.",official,Đề thi TSA Bách Khoa,CC BY-NC-SA 4.0,kb_toan10_05
q_tsa_27,TSA,Toán 12,Giải tích,Nguyên hàm & Tích phân đa phương pháp,skill_calculation;skill_reasoning,Trung bình,M3,90,single_choice,"Một hồ chứa nước có lưu lượng dòng chảy vào là \(Q_{\text{in}}(t) = 30 + 10\sin(\pi t / 12)\) (m³/h) và lưu lượng thoát là hằng số \(Q_{\text{out}} = 30\) (m³/h), với t tính bằng giờ kể từ 0h. Trong khoảng thời gian từ 0h đến 12h, lượng nước trong hồ tăng thêm bao nhiêu m³?",\(240/\pi\text{ m}^3\),\(120/\pi\text{ m}^3\),\(60\pi\text{ m}^3\),\(120\pi\text{ m}^3\),A,"Lượng nước biến thiên: ΔV = ∫₀¹² (Q_in - Q_out) dt = ∫₀¹² 10 sin(πt / 12) dt = 10 [-12/π cos(πt / 12)]₀¹² = -(120/π)[cos π - cos 0] = -(120/π)(-1 - 1) = 240/π m³ ≈ 76,4 m³.",official,Đề thi TSA Bách Khoa,CC BY-NC-SA 4.0,kb_toan12_03
q_tsa_28,TSA,Toán 12,Đại số,Cực trị & Tính đơn điệu hàm số,skill_calculation;skill_reasoning,Dễ,M2,60,single_choice,Một ma trận \(A\) cấp 2 có \(\det(A) = 6\) và vết \(\text{tr}(A) = 5\). Hai giá trị riêng của ma trận \(A\) là:,"\(\lambda_1 = 2, \lambda_2 = 3\)","\(\lambda_1 = 1, \lambda_2 = 6\)","\(\lambda_1 = -1, \lambda_2 = 6\)","\(\lambda_1 = 2, \lambda_2 = 4\)",A,"Tổng các giá trị riêng bằng vết: λ₁ + λ₂ = 5.<br>Tích các giá trị riêng bằng định thức: λ₁ · λ₂ = 6.<br>Theo định lý Viète, λ là nghiệm của phương trình λ² - 5λ + 6 = 0 ⇔ λ₁ = 2, λ₂ = 3.",adapted,Toán Cao Cấp ĐHBK,CC BY-NC-SA 4.0,kb_dstt_04
q_tsa_29,TSA,Toán 12,Xác suất,"Quy tắc đếm, Tổ hợp & Xác suất cổ điển",skill_probability;skill_reasoning;skill_data_analysis,Dễ,M2,60,single_choice,"Xác suất để một thiết bị điện tử hoạt động liên tục quá t giờ tuân theo phân phối mũ: \(P(T > t) = e^{-0,002t}\) (t ≥ 0). Thời gian hoạt động trung bình (tuổi thọ kỳ vọng) của thiết bị này là:",500 giờ,200 giờ,1000 giờ,250 giờ,A,"Với phân phối hàm mũ có tham số λ = 0,002 (h⁻¹), kỳ vọng E(T) = 1/λ = 1 / 0,002 = 500 giờ.",official,Đề thi TSA Bách Khoa,CC BY-NC-SA 4.0,kb_toan12_05
q_tsa_30,TSA,Toán 12,Xác suất,Phương trình Mặt phẳng & Đường thẳng Oxyz,skill_probability;skill_reasoning;skill_data_analysis,Khó,M4,120,single_choice,"Một robot thám hiểm di chuyển trên mặt phẳng từ tọa độ \(O(0, 0)\). Mỗi bước robot chỉ có thể di chuyển lên trên 1 đơn vị \((x, y+1)\) hoặc sang phải 1 đơn vị \((x+1, y)\). Hỏi có bao nhiêu lộ trình khác nhau để robot đi đến điểm \(K(5, 4)\) mà không đi qua điểm chướng ngại vật \(M(2, 2)\)?",66 lộ trình,126 lộ trình,60 lộ trình,76 lộ trình,A,"Tổng lộ trình: C₉⁴ = 126.<br>Lộ trình qua M(2,2): C₄² · C₅² = 6 · 10 = 60.<br>Số lộ trình không qua chướng ngại vật: 126 - 60 = 66 lộ trình.",official,Đề thi TSA Bách Khoa,CC BY-NC-SA 4.0,kb_toan10_05
q_tsa_tf_01,TSA,Toán 12,Giải tích,Cực trị & Tính đơn điệu hàm số,skill_calculation;skill_reasoning,Trung bình,M3,130,true_false_group,Cho hàm số \(f(x) = x^3 - 3x^2 + 2\). Xét tính đúng sai của các mệnh đề sau:,,,,,,"a) Đúng: f'(x) = 3x² - 6x = 3x(x - 2) > 0 khi x < 0 hoặc x > 2.<br>b) Sai: f'(x) đổi dấu từ âm sang dương tại x = 2, f(2) = -2, nên điểm cực tiểu là (2; -2).<br>c) Đúng: Điểm uốn f''(x) = 6x - 6 = 0 ⇔ x = 1. Hệ số góc tiếp tuyến k = f'(1) = 3(1) - 6(1) = -3.<br>d) Đúng: y_CĐ · y_CT = f(0) · f(2) = 2 · (-2) = -4 < 0, do đó đồ thị cắt Ox tại 3 điểm phân biệt.",official,Cấu trúc đề thi mới Bộ GD&ĐT,CC BY-NC-SA 4.0,kb_toan12_01
q_tsa_sa_01,TSA,Toán 12,Hình học,Thể tích khối đa diện & Khối tròn xoay,skill_spatial;skill_reasoning,Dễ,M2,60,short_answer,Một khối bê tông có dạng hình chóp tứ giác đều với cạnh đáy bằng \(4\text{ m}\) và chiều cao bằng \(6\text{ m}\). Tính thể tích của khối bê tông đó (theo đơn vị \(\text{m}^3\)).,,,,,,Thể tích khối chóp: \(V = \frac{1}{3} S_{\text{đáy}} \cdot h = \frac{1}{3} \cdot 4^2 \cdot 6 = \frac{1}{3} \cdot 16 \cdot 6 = 32\text{ m}^3\).,official,Đề thi TSA Bách Khoa,CC BY-NC-SA 4.0,kb_toan12_04
q_tsa_step_01,TSA,Toán 12,Giải tích,GTLN - GTNN & Tối ưu hóa thực tế,skill_calculation;skill_reasoning,Trung bình,M3,150,short_answer,Cho một sợi dây thép dài \(L = 20\text{ m}\). Cần uốn sợi dây này thành một hình chữ nhật có diện tích lớn nhất. Diện tích lớn nhất đó bằng bao nhiêu mét vuông (\(\text{m}^2\))?,,,,,,"Gọi hai cạnh hình chữ nhật là x và y (x, y > 0). Chu vi 2(x + y) = 20 <=> x + y = 10 <=> y = 10 - x. Diện tích S = x(10 - x) <= ((x + 10 - x)/2)^2 = 25. Dấu '=' xảy ra khi x = y = 5 (hình vuông). Diện tích lớn nhất là 25 m².",official,Đề thi TSA Bách Khoa,CC BY-NC-SA 4.0,kb_toan12_01
q_hsa_01,HSA,Toán 12,Đại số,Cực trị & Tính đơn điệu hàm số,skill_calculation;skill_reasoning,Dễ,M2,60,single_choice,Cho cấp số nhân \((u_n)\) có số hạng đầu \(u_1 = 3\) và công bội \(q = 2\). Giá trị của số hạng thứ 8 là:,192,384,768,256,B,Số hạng tổng quát: \(u_8 = u_1 \cdot q^7 = 3 \cdot 2^7 = 3 \cdot 128 = 384\).,official,Đề thi ĐGNL ĐHQGHN,CC BY-NC-SA 4.0,kb_toan11_02
q_hsa_02,HSA,Toán 12,Xác suất,"Quy tắc đếm, Tổ hợp & Xác suất cổ điển",skill_probability;skill_reasoning;skill_data_analysis,Dễ,M2,60,single_choice,Một hộp chứa 6 quả cầu đỏ và 4 quả cầu xanh. Lấy ngẫu nhiên đồng thời 3 quả cầu. Xác suất để lấy được ít nhất 1 quả cầu đỏ là:,\(\frac{29}{30}\),\(\frac{1}{30}\),\(\frac{5}{6}\),\(\frac{4}{5}\),A,Xác suất biến cố đối (cả 3 quả đều xanh): \(P(\bar{A}) = \frac{C_4^3}{C_{10}^3} = \frac{4}{120} = \frac{1}{30}\). Do đó xác suất cần tìm là \(1 - 1/30 = 29/30\).,official,Đề thi ĐGNL ĐHQGHN,CC BY-NC-SA 4.0,kb_toan10_05
q_hsa_03,HSA,Toán 12,Đại số,"Phương trình, Bất phương trình Mũ & Logarit",skill_calculation;skill_reasoning,Dễ,M2,60,single_choice,Nghiệm của phương trình \(\log_2(x - 1) + \log_2(x + 1) = 3\) là:,\(x = \pm 3\),\(x = 3\),\(x = \sqrt{10}\),\(x = 4\),B,Điều kiện \(x > 1\). Phương trình trở thành \(x^2 - 1 = 8 \iff x^2 = 9 \implies x = 3\).,official,Đề thi ĐGNL ĐHQGHN,CC BY-NC-SA 4.0,kb_toan12_02
q_hsa_04,HSA,Toán 12,Hình học,Phương trình Mặt phẳng & Đường thẳng Oxyz,skill_spatial;skill_reasoning,Trung bình,M3,90,single_choice,"Cho hình chóp \(S.ABC\) có đáy \(ABC\) là tam giác vuông cân tại \(B\), cạnh \(AB = a\). Cạnh bên \(SA\) vuông góc với mặt phẳng đáy và \(SA = a\sqrt{2}\). Thể tích của khối chóp \(S.ABC\) bằng:",\(\frac{a^3\sqrt{2}}{6}\),\(\frac{a^3\sqrt{2}}{2}\),\(\frac{a^3\sqrt{2}}{3}\),\(\frac{a^3}{6}\),A,Thể tích: \(V = \frac{1}{3} S_{ABC} \cdot SA = \frac{1}{3} \cdot \frac{a^2}{2} \cdot a\sqrt{2} = \frac{a^3\sqrt{2}}{6}\).,official,Đề thi ĐGNL ĐHQGHN,CC BY-NC-SA 4.0,kb_toan12_04
q_hsa_05,HSA,Toán 12,Đại số,Cực trị & Tính đơn điệu hàm số,skill_calculation;skill_reasoning,Dễ,M2,60,single_choice,Một cấp số cộng \((u_n)\) có số hạng đầu \(u_1 = -2\) và công sai \(d = 5\). Số hạng thứ 20 của cấp số cộng là:,93,98,103,88,A,Công thức số hạng tổng quát: \(u_n = u_1 + (n-1)d\). Với \(n = 20\): \(u_{20} = -2 + 19 \cdot 5 = -2 + 95 = 93\).,official,Đề thi ĐGNL ĐHQGHN,CC BY-NC-SA 4.0,kb_toan11_02
q_hsa_06,HSA,Toán 12,Đại số,GTLN - GTNN & Tối ưu hóa thực tế,skill_calculation;skill_reasoning,Dễ,M2,60,single_choice,Giá trị lớn nhất của hàm số lượng giác \(y = 2\sin x + 3\cos x\) là:,5,\(\sqrt{13}\),\(\sqrt{5}\),13,B,Theo bất đẳng thức Cauchy-Schwarz: \((2\sin x + 3\cos x)^2 \le (2^2 + 3^2)(\sin^2 x + \cos^2 x) = 13 \cdot 1 = 13\). Vậy giá trị lớn nhất là \(\sqrt{13}\).,official,Đề thi ĐGNL ĐHQGHN,CC BY-NC-SA 4.0,kb_toan11_01
q_hsa_07,HSA,Toán 12,Đại số,Mô hình tăng trưởng hàm mũ & Lãi kép,skill_calculation;skill_reasoning,Dễ,M2,60,single_choice,"Bác An gửi tiết kiệm 100 triệu đồng vào ngân hàng với lãi suất kép 6%/năm. Hỏi sau 3 năm, số tiền cả gốc và lãi bác An nhận được là bao nhiêu (làm tròn đến triệu đồng)?",118 triệu,119 triệu,120 triệu,121 triệu,B,"Công thức lãi kép: \(A = P(1 + r)^n = 100(1 + 0,06)^3 = 100(1,191016) \approx 119,1\) triệu đồng.",official,Đề thi ĐGNL ĐHQGHN,CC BY-NC-SA 4.0,kb_toan11_02
q_hsa_08,HSA,Toán 12,Đại số,Cực trị & Tính đơn điệu hàm số,skill_calculation;skill_reasoning,Trung bình,M3,90,single_choice,"Số nghiệm của phương trình lượng giác \(\cos 2x - 3\cos x + 2 = 0\) trên đoạn \([0, 2\pi]\) là:",2,3,4,1,C,"Biến đổi: \(2\cos^2 x - 1 - 3\cos x + 2 = 0 \iff 2\cos^2 x - 3\cos x + 1 = 0\). Nghiệm \(\cos x = 1\) (ra nghiệm \(x = 0, x = 2\pi\)) hoặc \(\cos x = 1/2\) (ra \(x = \pi/3, x = 5\pi/3\)). Trên \([0, 2\pi]\) có đúng 4 nghiệm phân biệt.",official,Đề thi ĐGNL ĐHQGHN,CC BY-NC-SA 4.0,kb_toan11_01
q_hsa_09,HSA,Toán 12,Hình học,Thể tích khối đa diện & Khối tròn xoay,skill_spatial;skill_reasoning,Dễ,M2,60,single_choice,Thể tích của khối lăng trụ đứng tam giác đều có tất cả các cạnh đều bằng \(a\) là:,\(\frac{a^3\sqrt{3}}{4}\),\(\frac{a^3\sqrt{3}}{12}\),\(\frac{a^3}{4}\),\(\frac{a^3\sqrt{3}}{2}\),A,Diện tích đáy tam giác đều: \(S = \frac{a^2\sqrt{3}}{4}\). Chiều cao lăng trụ bằng \(a\). Thể tích: \(V = S \cdot h = \frac{a^3\sqrt{3}}{4}\).,official,Đề thi ĐGNL ĐHQGHN,CC BY-NC-SA 4.0,kb_toan12_04
q_hsa_10,HSA,Toán 12,Xác suất,"Quy tắc đếm, Tổ hợp & Xác suất cổ điển",skill_probability;skill_reasoning;skill_data_analysis,Dễ,M2,60,single_choice,"Từ một nhóm gồm 10 học sinh, có bao nhiêu cách bầu chọn một ban cán sự lớp gồm 1 lớp trưởng, 1 lớp phó học tập và 1 lớp phó đời sống (mỗi người giữ đúng 1 chức vụ)?",720,120,240,504,A,Chọn và xếp chức vụ 3 người từ 10 người là chỉnh hợp chập 3 của 10: \(A_{10}^3 = 10 \cdot 9 \cdot 8 = 720\) cách.,official,Đề thi ĐGNL ĐHQGHN,CC BY-NC-SA 4.0,kb_toan10_05
q_hsa_11,HSA,Toán 12,Đại số,"Phương trình, Bất phương trình Mũ & Logarit",skill_calculation;skill_reasoning,Trung bình,M3,90,single_choice,"Tập nghiệm của bất phương trình mũ \(2^{2x} - 5 \cdot 2^x + 4 \le 0\) là đoạn \([a, b]\). Giá trị của biểu thức \(P = b - a\) bằng:",1,2,3,4,B,"Đặt \(t = 2^x > 0\), bất phương trình trở thành \(t^2 - 5t + 4 \le 0 \iff 1 \le t \le 4\). Suy ra \(1 \le 2^x \le 4 \iff 0 \le x \le 2\). Vậy đoạn nghiệm là \([0, 2]\), hiệu \(b - a = 2 - 0 = 2\).",official,Đề thi ĐGNL ĐHQGHN,CC BY-NC-SA 4.0,kb_toan12_02
q_hsa_12,HSA,Toán 12,Hình học,Mặt cầu & Khoảng cách trong Oxyz,skill_spatial;skill_reasoning,Dễ,M2,60,single_choice,"Trong không gian \(Oxyz\), khoảng cách từ điểm \(M(1, 2, -3)\) đến mặt phẳng \((P): 2x - 2y + z + 11 = 0\) bằng:",2,3,4,1,A,Áp dụng công thức khoảng cách: \(d = \frac{|2(1) - 2(2) + (-3) + 11|}{\sqrt{2^2 + (-2)^2 + 1^2}} = \frac{|2 - 4 - 3 + 11|}{\sqrt{9}} = \frac{6}{3} = 2\).,official,Đề thi ĐGNL ĐHQGHN,CC BY-NC-SA 4.0,kb_toan12_04
q_hsa_13,HSA,Toán 12,Hình học,Thể tích khối đa diện & Khối tròn xoay,skill_spatial;skill_reasoning,Trung bình,M3,90,single_choice,Một người thợ kim hoàn có một tấm vàng mỏng hình tròn bán kính \(R = 6\text{ cm}\). Người đó cắt bỏ một hình quạt tròn góc ở tâm \(120^\circ\) rồi uốn phần còn lại thành một chiếc phễu hình nón. Bán kính đáy \(r\) của chiếc phễu đó bằng:,4 cm,2 cm,3 cm,"4,5 cm",A,Độ dài cung tròn còn lại góc 240° (4π/3 rad) là C = R · θ = 6 · (4π/3) = 8π cm.<br>Chu vi đáy hình nón là 2πr = 8π => r = 4 cm.,official,Đề thi ĐGNL ĐHQGHN,CC BY-NC-SA 4.0,kb_toan12_04
q_hsa_14,HSA,Toán 12,Thống kê,Cực trị & Tính đơn điệu hàm số,skill_probability;skill_data_analysis,Dễ,M2,60,single_choice,"Cho bảng số liệu ghép nhóm về điểm kiểm tra môn Toán của 40 học sinh: nhóm [5; 7) có 8 học sinh, nhóm [7; 8) có 18 học sinh, nhóm [8; 9) có 10 học sinh, nhóm [9; 10] có 4 học sinh. Tứ phân vị thứ hai (trung vị) của mẫu số liệu ghép nhóm thuộc nhóm nào?",[7; 8),[8; 9),[5; 7),[9; 10],A,Cỡ mẫu n = 40. Vị trí trung vị n/2 = 20. Tần số tích lũy: nhóm 1 là 8; nhóm 2 là 8 + 18 = 26 ≥ 20. Do đó trung vị Me thuộc nhóm [7; 8).,official,Đề thi ĐGNL ĐHQGHN,CC BY-NC-SA 4.0,kb_toan12_05
q_hsa_15,HSA,Toán 12,Giải tích,Nguyên hàm & Tích phân đa phương pháp,skill_calculation;skill_reasoning,Trung bình,M3,90,single_choice,"Biết rằng \(\int_0^1 (2x + 3)e^x dx = a \cdot e + b\) với \(a, b\) là các số nguyên. Giá trị của \(a + b\) bằng:",2,3,4,1,A,"I = [(2x + 1)e^x]₀¹ = 3e - 1 => a = 3, b = -1 => a + b = 2.",official,Đề thi ĐGNL ĐHQGHN,CC BY-NC-SA 4.0,kb_toan12_03
q_hsa_16,HSA,Toán 12,Giải tích,Đường tiệm cận của đồ thị hàm số,skill_calculation;skill_reasoning,Trung bình,M3,90,single_choice,"Cho hàm số \(y = \frac{ax + b}{cx + d}\) có đồ thị đi qua \(A(0, -1)\) và có hai đường tiệm cận \(x = 1, y = 2\). Giá trị biểu thức \(T = a + b + c + d\) khi chọn \(c = 1\) là:",3,0,1,2,A,"Tiệm cận đứng x = 1 => d = -1. Tiệm cận ngang y = 2 => a = 2. Qua (0, -1) => b/(-1) = -1 => b = 1. T = 2 + 1 + 1 - 1 = 3.",official,Đề thi ĐGNL ĐHQGHN,CC BY-NC-SA 4.0,kb_toan12_01
q_hsa_17,HSA,Toán 12,Giải tích,Nguyên hàm & Tích phân đa phương pháp,skill_calculation;skill_reasoning,Dễ,M2,60,single_choice,Một người chạy bộ trên một đoạn đường thẳng với vận tốc biến thiên theo thời gian \(v(t) = 6t - t^2\) (m/s) trong khoảng thời gian từ \(t = 0\) đến khi vận tốc giảm về 0. Quãng đường người đó chạy được là:,36 m,18 m,24 m,54 m,A,Vận tốc giảm về 0 khi: 6t - t² = 0 ⇔ t = 6 giây.<br>Quãng đường s = ∫₀⁶ (6t - t²) dt = [3t² - t³/3]₀⁶ = 3(36) - 216/3 = 108 - 72 = 36 m.,official,Đề thi ĐGNL ĐHQGHN,CC BY-NC-SA 4.0,kb_toan12_03
q_hsa_18,HSA,Toán 12,Giải tích,GTLN - GTNN & Tối ưu hóa thực tế,skill_calculation;skill_reasoning,Dễ,M2,60,single_choice,Tìm giá trị nhỏ nhất của hàm số \(f(x) = x + \frac{4}{x - 1}\) trên khoảng \((1; +\infty)\).,5,4,3,6,A,"Biến đổi: f(x) = (x - 1) + 4/(x - 1) + 1.<br>Vì x > 1, áp dụng AM-GM cho 2 số dương (x - 1) và 4/(x - 1):<br>(x - 1) + 4/(x - 1) ≥ 2√[(x - 1) · 4/(x - 1)] = 2√4 = 4.<br>Do đó f(x) ≥ 4 + 1 = 5. Dấu '=' xảy ra khi (x - 1)² = 4 ⇔ x - 1 = 2 ⇔ x = 3.",official,Đề thi ĐGNL ĐHQGHN,CC BY-NC-SA 4.0,kb_toan12_01
q_hsa_19,HSA,Toán 12,Hình học,Mặt cầu & Khoảng cách trong Oxyz,skill_spatial;skill_reasoning,Dễ,M2,60,single_choice,"Trong không gian Oxyz, phương trình mặt cầu có tâm \(I(2, -1, 3)\) và tiếp xúc với mặt phẳng \((Oxy)\) là:",\((x-2)^2 + (y+1)^2 + (z-3)^2 = 9\),\((x-2)^2 + (y+1)^2 + (z-3)^2 = 4\),\((x-2)^2 + (y+1)^2 + (z-3)^2 = 1\),\((x-2)^2 + (y+1)^2 + (z-3)^2 = 14\),A,"Khoảng cách từ tâm I(2, -1, 3) đến mặt phẳng (Oxy): z = 0 là R = |z_I| = |3| = 3.<br>Bán kính R = 3 => R² = 9.<br>Phương trình mặt cầu: (x-2)² + (y+1)² + (z-3)² = 9.",official,Đề thi ĐGNL ĐHQGHN,CC BY-NC-SA 4.0,kb_toan12_04
q_hsa_20,HSA,Toán 12,Xác suất,"Quy tắc đếm, Tổ hợp & Xác suất cổ điển",skill_probability;skill_reasoning;skill_data_analysis,Dễ,M2,60,single_choice,Gieo đồng thời hai con xúc xắc cân đối đồng chất. Xác suất để tổng số chấm xuất hiện trên hai mặt bằng 8 là:,\(\frac{5}{36}\),\(\frac{1}{6}\),\(\frac{1}{9}\),\(\frac{7}{36}\),A,"Không gian mẫu: n(Ω) = 6 × 6 = 36.<br>Các cặp có tổng bằng 8: (2,6), (3,5), (4,4), (5,3), (6,2) gồm 5 trường hợp.<br>Xác suất: P = 5/36.",official,Đề thi ĐGNL ĐHQGHN,CC BY-NC-SA 4.0,kb_toan10_05
q_hsa_21,HSA,Toán 12,Giải tích,Đường tiệm cận của đồ thị hàm số,skill_calculation;skill_reasoning,Dễ,M2,60,single_choice,Số đường tiệm cận đứng của đồ thị hàm số \(y = \frac{x - 2}{x^2 - 4}\) là:,1,2,0,3,A,"Mẫu số x² - 4 = 0 ⇔ x = 2 hoặc x = -2.<br>Tại x = 2: lim_{x→2} (x - 2)/[(x-2)(x+2)] = lim 1/(x+2) = 1/4 (hữu hạn, không phải tiệm cận đứng).<br>Tại x = -2: lim_{x→-2} 1/(x+2) = ∞ (là tiệm cận đứng duy nhất x = -2). Vậy có 1 đường tiệm cận đứng.",official,Đề thi ĐGNL ĐHQGHN,CC BY-NC-SA 4.0,kb_toan12_01
q_hsa_22,HSA,Toán 12,Hình học,Thể tích khối đa diện & Khối tròn xoay,skill_spatial;skill_reasoning,Dễ,M2,60,single_choice,"Cho hình lăng trụ đứng \(ABC.A'B'C'\) có đáy \(ABC\) là tam giác vuông tại \(A\), \(AB = 3, AC = 4\), chiều cao \(AA' = 5\). Thể tích khối lăng trụ đó bằng:",30,60,20,15,A,Diện tích đáy tam giác vuông: S = (1/2) · 3 · 4 = 6.<br>Thể tích lăng trụ: V = S · h = 6 · 5 = 30.,official,Đề thi ĐGNL ĐHQGHN,CC BY-NC-SA 4.0,kb_toan12_04
q_hsa_tf_01,HSA,Toán 12,Xác suất,"Quy tắc đếm, Tổ hợp & Xác suất cổ điển",skill_probability;skill_reasoning;skill_data_analysis,Dễ,M2,100,true_false_group,Một hộp kín chứa 5 quả cầu màu đỏ và 4 quả cầu màu xanh có cùng kích thước. Lấy ngẫu nhiên đồng thời 3 quả cầu từ hộp. Xét tính đúng / sai của các khẳng định sau:,,,,,,"a) Đúng: \(n(\Omega) = C_9^3 = \frac{9 \cdot 8 \cdot 7}{6} = 84\).<br>b) Đúng: Số cách chọn 3 quả đỏ là \(C_5^3 = 10\). Xác suất \(P = 10/84 = 5/42\).<br>c) Sai: Số cách chọn 3 quả cùng màu là \(C_5^3 + C_4^3 = 10 + 4 = 14\). Do đó số cách chọn có cả 2 màu là \(84 - 14 = 70\) cách (không phải 50).<br>d) Đúng: Số cách lấy 2 đỏ, 1 xanh là \(C_5^2 \cdot C_4^1 = 10 \cdot 4 = 40\). Xác suất \(P = 40/84 = 10/21\).",official,Đề thi ĐGNL ĐHQGHN,CC BY-NC-SA 4.0,kb_toan10_05
q_hsa_sa_01,HSA,Toán 12,Đại số,Cực trị & Tính đơn điệu hàm số,skill_calculation;skill_reasoning,Trung bình,M3,90,short_answer,Có bao nhiêu giá trị nguyên của tham số \(m\) thuộc đoạn \([-5; 5]\) để hàm số \(y = x^3 - 3mx^2 + 3(m^2 - 1)x\) có hai điểm cực trị nằm về hai phía của trục tung?,,,,,,Hàm số có hai cực trị nằm về hai phía trục tung khi và chỉ khi phương trình y' = 0 có hai nghiệm trái dấu: x₁ · x₂ < 0.<br>y' = 3x² - 6mx + 3(m² - 1) = 0 ⇔ x² - 2mx + (m² - 1) = 0.<br>Hai nghiệm trái dấu ⇔ a · c < 1 · (m² - 1) < 0 ⇔ -1 < m < 1.<br>Vì m nguyên nên m = 0 (đúng 1 giá trị).,official,Đề thi ĐGNL ĐHQGHN,CC BY-NC-SA 4.0,kb_toan12_01
q_thpt_01,THPT,Toán 12,Giải tích,Cực trị & Tính đơn điệu hàm số,skill_calculation;skill_reasoning,Dễ,M2,60,single_choice,Số điểm cực trị của hàm số trùng phương \(f(x) = x^4 - 4x^2 + 3\) là:,1,2,3,4,C,"Đạo hàm: \(f'(x) = 4x(x^2 - 2) = 0 \iff x = 0, x = \pm\sqrt{2}\). Đạo hàm đổi dấu 3 lần qua các nghiệm đơn nên hàm số có 3 điểm cực trị.",adapted,Đề thi Tốt nghiệp THPT,CC BY-NC-SA 4.0,kb_toan12_01
q_thpt_02,THPT,Toán 12,Đại số,Cực trị & Tính đơn điệu hàm số,skill_calculation;skill_reasoning,Dễ,M2,60,single_choice,Cho số phức \(z\) thỏa mãn \((1 + 2i)z = 3 - 4i\). Môđun của số phức \(z\) bằng:,5,\(\sqrt{5}\),\(\sqrt{3}\),2,B,\(|z| = \frac{|3 - 4i|}{|1 + 2i|} = \frac{5}{\sqrt{5}} = \sqrt{5}\).,adapted,Đề thi Tốt nghiệp THPT,CC BY-NC-SA 4.0,kb_toan12_02
q_thpt_03,THPT,Toán 12,Hình học,Mặt cầu & Khoảng cách trong Oxyz,skill_spatial;skill_reasoning,Dễ,M2,60,single_choice,"Trong không gian \(Oxyz\), cho mặt cầu \((S): (x - 1)^2 + (y + 2)^2 + (z - 3)^2 = 25\). Tọa độ tâm \(I\) và bán kính \(R\) của mặt cầu \((S)\) là:","\(I(1, -2, 3), R = 5\)","\(I(-1, 2, -3), R = 5\)","\(I(1, -2, 3), R = 25\)","\(I(-1, 2, -3), R = 25\)",A,"Phương trình mặt cầu chính tắc: tâm \(I(1, -2, 3)\) và bán kính \(R = \sqrt{25} = 5\).",adapted,Đề thi Tốt nghiệp THPT,CC BY-NC-SA 4.0,kb_toan12_04
q_thpt_04,THPT,Toán 12,Giải tích,Nguyên hàm & Tích phân đa phương pháp,skill_calculation;skill_reasoning,Dễ,M2,60,single_choice,Họ nguyên hàm của hàm số \(f(x) = x \cdot e^x\) là:,\((x - 1)e^x + C\),\((x + 1)e^x + C\),\(x e^x - e^x\),\(\frac{x^2}{2}e^x + C\),A,"Tích phân từng phần: \(u = x, dv = e^x dx \implies \int x e^x dx = x e^x - e^x + C = (x - 1)e^x + C\).",adapted,Đề thi Tốt nghiệp THPT,CC BY-NC-SA 4.0,kb_toan12_03
q_thpt_05,THPT,Toán 12,Giải tích,Đường tiệm cận của đồ thị hàm số,skill_calculation;skill_reasoning,Dễ,M2,60,single_choice,Tiệm cận đứng và tiệm cận ngang của đồ thị hàm số \(y = \frac{2x - 1}{x + 1}\) lần lượt là:,\(x = -1\) và \(y = 2\),\(x = 1\) và \(y = 2\),\(x = -1\) và \(y = -1\),\(x = 2\) và \(y = -1\),A,"Nghiệm của mẫu số là \(x = -1\) (tiệm cận đứng). Bậc tử bằng bậc mẫu, tỉ số hệ số là \(2/1 = 2\) nên \(y = 2\) (tiệm cận ngang).",adapted,Đề thi Tốt nghiệp THPT,CC BY-NC-SA 4.0,kb_toan12_01
q_thpt_06,THPT,Toán 12,Giải tích,Diện tích hình phẳng & Thể tích khối tròn xoay,skill_calculation;skill_reasoning,Dễ,M2,60,single_choice,Diện tích hình phẳng giới hạn bởi parabol \(y = x^2\) và đường thẳng \(y = 2x\) là:,\(\frac{4}{3}\),\(\frac{2}{3}\),\(\frac{8}{3}\),2,A,Phương trình hoành độ giao điểm: \(x^2 - 2x = 0 \iff x = 0\) hoặc \(x = 2\).<br>Diện tích: \(S = \int_0^2 (2x - x^2)dx = \left[ x^2 - \frac{x^3}{3} \right]_0^2 = 4 - \frac{8}{3} = \frac{4}{3}\).,adapted,Đề thi Tốt nghiệp THPT,CC BY-NC-SA 4.0,kb_toan12_03
q_thpt_07,THPT,Toán 12,Đại số,"Phương trình, Bất phương trình Mũ & Logarit",skill_calculation;skill_reasoning,Trung bình,M3,90,single_choice,"Tập nghiệm của bất phương trình \(\log_{0,5}(2x - 3) \ge -1\) là:",\((\frac{3}{2}; \frac{5}{2}]\),\([\frac{3}{2}; \frac{5}{2}]\),\((\frac{3}{2}; +\infty)\),\((-\infty; \frac{5}{2}]\),A,"Điều kiện xác định: \(2x - 3 > 0 \iff x > 3/2\).<br>Vì cơ số \(0,5 < 1\) nên bất phương trình đổi chiều: \(2x - 3 \le (0,5)^{-1} = 2 \iff 2x \le 5 \iff x \le 5/2\). Kết hợp điều kiện ta có \(x \in (3/2; 5/2]\).",adapted,Đề thi Tốt nghiệp THPT,CC BY-NC-SA 4.0,kb_toan12_02
q_thpt_08,THPT,Toán 12,Hình học,Phương trình Mặt phẳng & Đường thẳng Oxyz,skill_spatial;skill_reasoning,Dễ,M2,60,single_choice,"Trong không gian \(Oxyz\), phương trình đường thẳng \(d\) đi qua \(A(1, 2, -1)\) và vuông góc với mặt phẳng \((P): 2x - y + 3z - 5 = 0\) là:",\(\frac{x - 1}{2} = \frac{y - 2}{-1} = \frac{z + 1}{3}\),\(\frac{x + 1}{2} = \frac{y + 2}{-1} = \frac{z - 1}{3}\),\(\frac{x - 1}{2} = \frac{y - 2}{1} = \frac{z + 1}{3}\),\(\frac{x - 1}{1} = \frac{y - 2}{2} = \frac{z + 1}{-1}\),A,"Đường thẳng vuông góc với mặt phẳng \((P)\) nhận vectơ pháp tuyến \(\vec{n} = (2, -1, 3)\) làm vectơ chỉ phương. Phương trình chính tắc đi qua \(A(1, 2, -1)\) là \(\frac{x - 1}{2} = \frac{y - 2}{-1} = \frac{z + 1}{3}\).",adapted,Đề thi Tốt nghiệp THPT,CC BY-NC-SA 4.0,kb_toan12_04
q_thpt_09,THPT,Toán 12,Giải tích,Cực trị & Tính đơn điệu hàm số,skill_calculation;skill_reasoning,Trung bình,M3,90,single_choice,Cho hàm số \(y = f(x)\) có đạo hàm \(f'(x) = x(x-1)^2(x+3)\). Số điểm cực tiểu của hàm số là:,1,2,3,0,A,"f'(x) = 0 có các nghiệm: x = -3 (nghiệm đơn), x = 0 (nghiệm đơn), x = 1 (nghiệm kép).<br>Bảng xét dấu: x < -3: f' > 0; -3 < x < 0: f' < 0; 0 < x < 1: f' > 0; x > 1: f' > 0.<br>Đạo hàm đổi dấu từ âm sang dương tại x = 0 duy nhất => có đúng 1 điểm cực tiểu.",adapted,Đề thi Tốt nghiệp THPT,CC BY-NC-SA 4.0,kb_toan12_01
q_thpt_10,THPT,Toán 12,Giải tích,GTLN - GTNN & Tối ưu hóa thực tế,skill_calculation;skill_reasoning,Dễ,M2,60,single_choice,Giá trị lớn nhất của hàm số \(f(x) = x^3 - 3x + 2\) trên đoạn \([-2; 2]\) bằng:,4,2,0,6,A,f'(x) = 3x² - 3 = 0 ⇔ x = ±1.<br>Tính giá trị tại các điểm và 2 đầu mút:<br>f(-2) = -8 + 6 + 2 = 0.<br>f(-1) = -1 + 3 + 2 = 4.<br>f(1) = 1 - 3 + 2 = 0.<br>f(2) = 8 - 6 + 2 = 4.<br>Giá trị lớn nhất là 4.,adapted,Đề thi Tốt nghiệp THPT,CC BY-NC-SA 4.0,kb_toan12_01
q_thpt_11,THPT,Toán 12,Đại số,"Phương trình, Bất phương trình Mũ & Logarit",skill_calculation;skill_reasoning,Dễ,M2,60,single_choice,Tìm tập xác định của hàm số \(y = (x^2 - 4x + 3)^{-3}\).,\(\mathbb{R} \setminus \{1; 3\}\),\((1; 3)\),\((-\infty; 1) \cup (3; +\infty)\),\([1; 3]\),A,"Vì số mũ là số nguyên âm (-3), điều kiện xác định là cơ số khác 0:<br>x² - 4x + 3 ≠ 0 ⇔ x ≠ 1 và x ≠ 3. Tập xác định: D = ℝ \ {1; 3}.",adapted,Đề thi Tốt nghiệp THPT,CC BY-NC-SA 4.0,kb_toan12_02
q_thpt_12,THPT,Toán 12,Giải tích,Nguyên hàm & Tích phân đa phương pháp,skill_calculation;skill_reasoning,Dễ,M2,60,single_choice,Biết \(\int_0^1 f(x) dx = 3\) và \(\int_0^1 g(x) dx = -2\). Giá trị của \(\int_0^1 [2f(x) - 3g(x)] dx\) bằng:,12,0,6,10,A,Theo tính chất tuyến tính của tích phân: I = 2(3) - 3(-2) = 6 + 6 = 12.,adapted,Đề thi Tốt nghiệp THPT,CC BY-NC-SA 4.0,kb_toan12_03
q_thpt_13,THPT,Toán 12,Hình học,Phương trình Mặt phẳng & Đường thẳng Oxyz,skill_spatial;skill_reasoning,Dễ,M2,60,single_choice,"Trong không gian Oxyz, cho mặt phẳng \((P): x - 2y + 2z - 6 = 0\). Vectơ nào dưới đây là một vectơ pháp tuyến của (P)?","\(\vec{n} = (1, -2, 2)\)","\(\vec{n} = (1, 2, 2)\)","\(\vec{n} = (1, -2, -6)\)","\(\vec{n} = (2, -4, 2)\)",A,"Các hệ số trước x, y, z trong phương trình mặt phẳng là tọa độ của vectơ pháp tuyến: n = (1, -2, 2).",adapted,Đề thi Tốt nghiệp THPT,CC BY-NC-SA 4.0,kb_toan12_04
q_thpt_14,THPT,Toán 12,Hình học,Thể tích khối đa diện & Khối tròn xoay,skill_spatial;skill_reasoning,Dễ,M2,60,single_choice,Cho hình nón có bán kính đáy \(r = 3\) và chiều cao \(h = 4\). Diện tích xung quanh của hình nón đã cho bằng:,\(15\pi\),\(12\pi\),\(20\pi\),\(24\pi\),A,Độ dài đường sinh: l = √(r² + h²) = √(3² + 4²) = 5.<br>Diện tích xung quanh: S_xq = π r l = π · 3 · 5 = 15π.,adapted,Đề thi Tốt nghiệp THPT,CC BY-NC-SA 4.0,kb_toan12_04
q_thpt_15,THPT,Toán 12,Xác suất,"Quy tắc đếm, Tổ hợp & Xác suất cổ điển",skill_probability;skill_reasoning;skill_data_analysis,Dễ,M2,60,single_choice,"Có bao nhiêu số tự nhiên có 3 chữ số đôi một khác nhau được lập từ các chữ số \(\{1, 2, 3, 4, 5\}\)?",60,125,10,20,A,Số các số tự nhiên có 3 chữ số phân biệt chọn từ 5 chữ số là chỉnh hợp chập 3 của 5: A₅³ = 5 · 4 · 3 = 60.,adapted,Đề thi Tốt nghiệp THPT,CC BY-NC-SA 4.0,kb_toan10_05
q_thpt_tf_01,THPT,Toán 12,Hình học,Mặt cầu & Khoảng cách trong Oxyz,skill_spatial;skill_reasoning,Trung bình,M3,130,true_false_group,"Trong không gian với hệ tọa độ \(Oxyz\), cho mặt cầu \((S): (x-1)^2 + (y+2)^2 + (z-3)^2 = 25\) và mặt phẳng \((P): 2x - 2y + z + 5 = 0\). Xét tính đúng / sai của các khẳng định sau:",,,,,,"a) Đúng: Phương trình chính tắc cho tâm \(I(1; -2; 3)\) và bán kính \(R = \sqrt{25} = 5\).<br>b) Sai: Khoảng cách \(d(I, P) = \frac{|2(1) - 2(-2) + 3 + 5|}{\sqrt{2^2 + (-2)^2 + 1^2}} = \frac{|2 + 4 + 3 + 5|}{3} = \frac{14}{3} \approx 4,67 \neq 4\).<br>c) Đúng: Vì \(d = \frac{14}{3} < R = 5\) nên mặt phẳng \((P)\) cắt mặt cầu \((S)\) theo giao tuyến là một đường tròn.<br>d) Đúng: Bán kính đường tròn giao tuyến: \(r = \sqrt{R^2 - d^2} = \sqrt{25 - (14/3)^2} = \sqrt{25 - \frac{196}{9}} = \sqrt{\frac{29}{9}} = \frac{\sqrt{29}}{3}\).",official,Đề thi Tham khảo THPT 2025 Bộ GD&ĐT,CC BY-NC-SA 4.0,kb_toan12_04
q_thpt_sa_01,THPT,Toán 12,Giải tích,Nguyên hàm & Tích phân đa phương pháp,skill_calculation;skill_reasoning,Dễ,M2,60,short_answer,"Biết tích phân \(\int_1^2 \frac{2x + 1}{x^2 + x} dx = a \ln 2 + b \ln 3\) với \(a, b\) là các số nguyên. Tính giá trị biểu thức \(P = a + 2b\).",,,,,,"Tách phân thức: \(\frac{2x+1}{x(x+1)} = \frac{1}{x} + \frac{1}{x+1}\).<br>Tích phân \(I = [\ln|x| + \ln|x+1|]_1^2 = (\ln 2 + \ln 3) - (\ln 1 + \ln 2) = \ln 3 = 0 \ln 2 + 1 \ln 3\).<br>Suy ra \(a = 0, b = 1 \implies P = a + 2b = 0 + 2(1) = 2\).",adapted,Đề thi Tốt nghiệp THPT,CC BY-NC-SA 4.0,kb_toan12_03
q_calc_01,Giải tích 1,Toán 12,Giải tích,Cực trị & Tính đơn điệu hàm số,skill_calculation;skill_reasoning,Trung bình,M3,90,single_choice,Tính giới hạn \(L = \lim_{x \to 0} \frac{e^x - 1 - x}{\sin^2 x}\).,0,\(\frac{1}{2}\),1,\(\infty\),B,Sử dụng khai triển Maclaurin: \(e^x - 1 - x \sim \frac{x^2}{2}\) và \(\sin^2 x \sim x^2\). Giới hạn là \(1/2\).,adapted,Toán Cao cấp ĐHBK Hà Nội,CC BY-NC-SA 4.0,kb_gt1_01
q_calc_02,Giải tích 1,Toán 12,Giải tích,Nguyên hàm & Tích phân đa phương pháp,skill_calculation;skill_reasoning,Khó,M4,120,single_choice,Nghiệm tổng quát của phương trình vi phân tuyến tính cấp 1: \(y' + \frac{1}{x}y = 3x\) (với \(x > 0\)) là:,\(y = x^2 + \frac{C}{x}\),\(y = x^3 + C\),\(y = 3x^2 + \frac{C}{x}\),\(y = x^2 + C x\),A,Thừa số tích phân \(\mu = x\). Tích phân 2 vế: \(x y = x^3 + C \implies y = x^2 + C/x\).,adapted,Toán Cao cấp ĐHBK Hà Nội,CC BY-NC-SA 4.0,kb_gt1_05
q_calc_03,Giải tích 1,Toán 12,Giải tích,Cực trị & Tính đơn điệu hàm số,skill_calculation;skill_reasoning,Trung bình,M3,90,single_choice,Khai triển Maclaurin đến bậc 4 của hàm số \(f(x) = \ln(1 + 2x)\) là:,\(2x - 2x^2 + \frac{8}{3}x^3 - 4x^4 + O(x^5)\),\(2x - 4x^2 + 8x^3 - 16x^4 + O(x^5)\),\(x - \frac{x^2}{2} + \frac{x^3}{3} - \frac{x^4}{4} + O(x^5)\),\(2x + 2x^2 + \frac{8}{3}x^3 + 4x^4 + O(x^5)\),A,\(\ln(1+u) = u - u^2/2 + u^3/3 - u^4/4\). Thay \(u = 2x\) được \(2x - 2x^2 + \frac{8}{3}x^3 - 4x^4 + O(x^5)\).,adapted,Toán Cao cấp ĐHBK Hà Nội,CC BY-NC-SA 4.0,kb_gt1_02
q_calc_04,Toán cao cấp,Toán 12,Đại số,Cực trị & Tính đơn điệu hàm số,skill_calculation;skill_reasoning,Dễ,M2,60,single_choice,Tính định thức của ma trận \(A = \begin{pmatrix} 1 & 2 & 3 \\ 0 & 4 & 5 \\ 0 & 0 & 6 \end{pmatrix}\).,24,12,30,0,A,"Ma trận tam giác trên, định thức bằng tích các phần tử trên đường chéo chính: \(\det(A) = 1 \cdot 4 \cdot 6 = 24\).",adapted,Đại số Tuyến tính ĐHBK,CC BY-NC-SA 4.0,kb_dstt_02
q_calc_05,Giải tích 1,Toán 12,Giải tích,Nguyên hàm & Tích phân đa phương pháp,skill_calculation;skill_reasoning,Dễ,M2,60,single_choice,Tích phân suy rộng \(I = \int_1^{+\infty} \frac{1}{x^p} dx\) hội tụ khi và chỉ khi:,\(p > 1\),\(p \ge 1\),\(p < 1\),\(p \le 1\),A,Định lý Riemann: tích phân suy rộng loại 1 \(\int_1^{+\infty} \frac{dx}{x^p}\) hội tụ khi và chỉ khi \(p > 1\).,adapted,Toán Cao cấp ĐHBK Hà Nội,CC BY-NC-SA 4.0,kb_gt1_03
q_calc_06,Giải tích 1,Toán 12,Giải tích,Nguyên hàm & Tích phân đa phương pháp,skill_calculation;skill_reasoning,Dễ,M2,60,single_choice,Nghiệm tổng quát của phương trình vi phân phân ly biến số \(y' = 2x y^2\) (với \(y \ne 0\)) là:,\(y = -\frac{1}{x^2 + C}\),\(y = \frac{1}{x^2 + C}\),\(y = -\frac{2}{x^2 + C}\),\(y = e^{x^2 + C}\),A,Phân ly biến số: \(\frac{dy}{y^2} = 2x dx\). Lấy nguyên hàm hai vế: \(-\frac{1}{y} = x^2 + C \implies y = -\frac{1}{x^2 + C}\).,adapted,Toán Cao cấp ĐHBK Hà Nội,CC BY-NC-SA 4.0,kb_gt1_05
q_calc_07,Toán cao cấp,Toán 12,Đại số,Cực trị & Tính đơn điệu hàm số,skill_calculation;skill_reasoning,Dễ,M2,60,single_choice,Cho ma trận vuông \(A = \begin{pmatrix} 1 & 2 \\ 3 & 4 \end{pmatrix}\). Ma trận nghịch đảo \(A^{-1}\) là:,"\(\begin{pmatrix} -2 & 1 \\ 1,5 & -0,5 \end{pmatrix}\)",\(\begin{pmatrix} 4 & -2 \\ -3 & 1 \end{pmatrix}\),"\(\begin{pmatrix} 2 & -1 \\ -1,5 & 0,5 \end{pmatrix}\)",\(\begin{pmatrix} -4 & 2 \\ 3 & -1 \end{pmatrix}\),A,"det(A) = 1(4) - 2(3) = -2.<br>A⁻¹ = (1/det) · [d, -b; -c, a] = (-1/2) · [4, -2; -3, 1] = [-2, 1; 1,5, -0,5].",adapted,Đại số Tuyến tính ĐHBK,CC BY-NC-SA 4.0,kb_dstt_01
q_calc_08,Toán cao cấp,Toán 12,Đại số,Cực trị & Tính đơn điệu hàm số,skill_calculation;skill_reasoning,Trung bình,M3,90,single_choice,Hệ phương trình tuyến tính \(\begin{cases} x + 2y - z = 1 \\ 2x + 5y + z = 5 \\ 3x + 7y = 6 \end{cases}\) có bao nhiêu nghiệm?,Vô số nghiệm,Vô nghiệm,Nghiệm duy nhất,Đúng 2 nghiệm,A,"Cộng phương trình 1 và phương trình 2: (x + 2y - z) + (2x + 5y + z) = 3x + 7y = 6 (chính là phương trình 3).<br>Do đó hàng 3 phụ thuộc tuyến tính vào 2 hàng đầu, rank(A) = rank(A|B) = 2 < 3 (số ẩn). Hệ có vô số nghiệm phụ thuộc 1 tham số tự do.",adapted,Đại số Tuyến tính ĐHBK,CC BY-NC-SA 4.0,kb_dstt_03
q_calc_09,Giải tích 1,Toán 12,Giải tích,"Phương trình, Bất phương trình Mũ & Logarit",skill_calculation;skill_reasoning,Trung bình,M3,90,single_choice,Bán kính hội tụ \(R\) của chuỗi lũy thừa \(\sum_{n=1}^{\infty} \frac{(x - 1)^n}{n \cdot 2^n}\) bằng:,2,1,1/2,\(\infty\),A,Hệ số a_n = 1 / (n · 2^n).<br>Tỉ số a_n / a_{n+1} = [(n+1) · 2^{n+1}] / [n · 2^n] = 2(n+1)/n.<br>Giới hạn khi n → ∞ là 2. Vậy bán kính hội tụ R = 2.,adapted,Toán Cao Cấp ĐHBK Hà Nội,CC BY-NC-SA 4.0,kb_gt1_04
q_calc_10,Giải tích 1,Toán 12,Giải tích,Cực trị & Tính đơn điệu hàm số,skill_calculation;skill_reasoning,Dễ,M2,60,single_choice,Đạo hàm cấp 100 của hàm số \(f(x) = \sin x\) là:,\(\sin x\),\(\cos x\),\(-\sin x\),\(-\cos x\),A,Công thức đạo hàm cấp cao: (sin x)^{(n)} = sin(x + nπ/2).<br>Với n = 100 = 4 × 25: (sin x)^{(100)} = sin(x + 50π) = sin(x + 25 · 2π) = sin x.,adapted,Toán Cao Cấp ĐHBK Hà Nội,CC BY-NC-SA 4.0,kb_gt1_02
q_calc_tf_01,Giải tích 1,Toán 12,Giải tích,Cực trị & Tính đơn điệu hàm số,skill_calculation;skill_reasoning,Trung bình,M3,130,true_false_group,Cho chuỗi số \(S = \sum_{n=1}^{\infty} \frac{(-1)^{n-1}}{n^p}\) với \(p\) là tham số thực. Xét tính đúng / sai của các mệnh đề sau:,,,,,,"a) Đúng: Xét chuỗi trị tuyệt đối \(\sum \frac{1}{n^p}\) hội tụ khi \(p > 1\) (chuỗi Riemann).<br>b) Sai: Với \(0 < p \le 1\), chuỗi đan dấu thỏa mãn điều kiện định lý Leibniz (dãy \(u_n = 1/n^p\) giảm dần về 0) nên hội tụ (bán hội tụ).<br>c) Đúng: Khi \(p \le 0\), \(\lim_{n\to\infty} \frac{1}{n^p} \neq 0\), vi phạm điều kiện cần của chuỗi hội tụ.<br>d) Đúng: Đây là khai triển Maclaurin của \(\ln(1+x)\) tại \(x = 1\): \(\ln 2 = 1 - 1/2 + 1/3 - 1/4 + \dots\).",adapted,Toán Cao Cấp ĐHBK Hà Nội,CC BY-NC-SA 4.0,kb_gt1_04
q_calc_sa_01,Giải tích 1,Toán 12,Giải tích,Nguyên hàm & Tích phân đa phương pháp,skill_calculation;skill_reasoning,Trung bình,M3,90,short_answer,Tính giá trị của tích phân suy rộng loại 1: \(I = \int_0^{+\infty} x e^{-x} dx\).,,,,,,Áp dụng phương pháp tích phân từng phần:<br>Đặt \(u = x \implies du = dx\); \(dv = e^{-x}dx \implies v = -e^{-x}\).<br>\(I = \lim_{t \to +\infty} \left[ -x e^{-x} \right]_0^t + \int_0^{+\infty} e^{-x} dx\).<br>Vì \(\lim_{t \to +\infty} \frac{-t}{e^t} = 0\) (theo L'Hôpital) và \(\int_0^{+\infty} e^{-x} dx = [-e^{-x}]_0^{+\infty} = 0 - (-1) = 1\). Vậy \(I = 1\).,adapted,Toán Cao Cấp ĐHBK Hà Nội,CC BY-NC-SA 4.0,kb_gt1_03
q_calc_step_01,Giải tích 1,Toán 12,Giải tích,Cực trị & Tính đơn điệu hàm số,skill_calculation;skill_reasoning,Trung bình,M3,150,single_choice,Tìm nghiệm của phương trình vi phân thuần nhất cấp 2: \(y'' - 5y' + 6y = 0\) thỏa mãn điều kiện ban đầu \(y(0) = 2\) và \(y'(0) = 5\).,\(y = e^{2x} + e^{3x}\),\(y = 2e^{2x} + e^{3x}\),\(y = e^{2x} + 2e^{3x}\),\(y = e^{-2x} + e^{-3x}\),A,"Phương trình đặc trưng: k² - 5k + 6 = 0 <=> k = 2 hoặc k = 3. Nghiệm tổng quát: y = C1.e^(2x) + C2.e^(3x). Thay y(0) = 2 <=> C1 + C2 = 2. Đạo hàm y' = 2C1.e^(2x) + 3C2.e^(3x) => y'(0) = 2C1 + 3C2 = 5. Giải hệ suy ra C1 = 1, C2 = 1. Vậy y = e^(2x) + e^(3x).",adapted,Toán Cao Cấp ĐHBK Hà Nội,CC BY-NC-SA 4.0,kb_gt1_05
q_tsa_31,TSA,Toán 12,Giải tích,GTLN - GTNN & Tối ưu hóa thực tế,skill_calculation;skill_reasoning,Khó,M4,120,single_choice,Một xưởng cơ khí cần dập một tấm tôn hình chữ nhật kích thước \(40\text{ cm} \times 60\text{ cm}\) thành một chiếc hộp không nắp bằng cách cắt đi 4 hình vuông bằng nhau cạnh \(x\) ở 4 góc rồi gập các mép lên. Tìm \(x\) (theo cm) để dung tích chiếc hộp lớn nhất.,\(x = \frac{50 - 10\sqrt{7}}{3}\text{ cm}\),\(x = 10\text{ cm}\),\(x = 8\text{ cm}\),\(x = \frac{50 + 10\sqrt{7}}{3}\text{ cm}\),A,"Kích thước đáy: (60 - 2x) và (40 - 2x). Chiều cao: x. Điều kiện 0 < x < 20.<br>Thể tích: V(x) = x(60 - 2x)(40 - 2x) = 4(x³ - 50x² + 600x).<br>V'(x) = 4(3x² - 100x + 600) = 0. Nghiệm x = (100 ± √[10000 - 7200])/6 = (100 ± √2800)/6 = (50 ± 10√7)/3.<br>Vì x < 20 nên x = (50 - 10√7)/3 ≈ 7,85 cm.",official,Đề thi TSA Bách Khoa,CC BY-NC-SA 4.0,kb_toan12_01
q_tsa_32,TSA,Toán 12,Đại số,"Phương trình, Bất phương trình Mũ & Logarit",skill_calculation;skill_reasoning,Dễ,M2,60,single_choice,"Đoạn mã mã hóa Caesar dịch chuyển mỗi chữ cái tiếng Anh trong bảng chữ cái (A-Z) đi k vị trí theo modulo 26: \(C = (P + k) \pmod{26}\). Nếu từ 'MATH' được mã hóa thành 'PDWK', thì từ 'LOGIC' được mã hóa thành:",ORJLF,OQJLE,PRKMG,NRJLF,A,"'M' (thứ 12) -> 'P' (thứ 15) => k = +3.<br>'L' (+3) -> 'O', 'O' (+3) -> 'R', 'G' (+3) -> 'J', 'I' (+3) -> 'L', 'C' (+3) -> 'F'. Kết quả: 'ORJLF'.",adapted,Tư duy Thuật toán TSA,CC BY-NC-SA 4.0,kb_toan10_01
q_tsa_33,TSA,Toán 12,Hình học,Cực trị & Tính đơn điệu hàm số,skill_spatial;skill_reasoning,Dễ,M2,60,single_choice,"Một tháp làm nguội nhiệt điện có thiết diện thẳng đứng giới hạn bởi hai nhánh của đường hypebol \(\frac{x^2}{16} - \frac{y^2}{64} = 1\) (đơn vị: mét, gốc O tại tâm đối xứng). Đường kính thắt hẹp nhỏ nhất của tháp bằng bao nhiêu?",8 m,16 m,4 m,32 m,A,"Thắt hẹp nhỏ nhất tại y = 0, khi đó x² = 16 => x = ±4. Bán kính thắt là 4 m => Đường kính thắt hẹp nhỏ nhất là 2 × 4 = 8 m.",official,Đề thi TSA Bách Khoa,CC BY-NC-SA 4.0,kb_toan10_03
q_tsa_34,TSA,Toán 12,Đại số,Cực trị & Tính đơn điệu hàm số,skill_calculation;skill_reasoning,Trung bình,M3,90,single_choice,Cho hệ 3 phương trình mạng dòng điện Kirchhoff: \(\begin{pmatrix} 2 & 1 & 0 \\ 1 & 3 & 1 \\ 0 & 1 & 2 \end{pmatrix} \begin{pmatrix} I_1 \\ I_2 \\ I_3 \end{pmatrix} = \begin{pmatrix} 5 \\ 10 \\ 7 \end{pmatrix}\). Dòng điện \(I_2\) chạy qua nhánh giữa bằng:,2 A,1 A,3 A,"1,5 A",A,Phương trình 1: 2I₁ + I₂ = 5 => 2I₁ = 5 - I₂.<br>Phương trình 3: I₂ + 2I₃ = 7 => 2I₃ = 7 - I₂.<br>Nhân đôi phương trình 2: 2I₁ + 6I₂ + 2I₃ = 20.<br>Thay vào: (5 - I₂) + 6I₂ + (7 - I₂) = 20 ⇔ 4I₂ + 12 = 20 ⇔ 4I₂ = 8 ⇔ I₂ = 2 A.,official,Đề thi TSA Bách Khoa,CC BY-NC-SA 4.0,kb_dstt_02
q_tsa_35,TSA,Toán 12,Hình học,Cực trị & Tính đơn điệu hàm số,skill_spatial;skill_reasoning,Dễ,M2,60,single_choice,Một đĩa DVD quay với tốc độ góc không đổi \(\omega = 1200\text{ vòng/phút}\). Tốc độ dài của một điểm nằm ở mép đĩa (cách tâm 6 cm) xấp xỉ bằng:,"7,54 m/s","15,08 m/s","4,52 m/s","1,20 m/s",A,"1200 vòng/phút = 1200 × 2π / 60 = 40π rad/s.<br>Bán kính r = 0,06 m.<br>Tốc độ dài: v = ω · r = 40π × 0,06 = 2,4π ≈ 7,54 m/s.",adapted,Tư duy Khoa học TSA,CC BY-NC-SA 4.0,kb_toan11_01
q_tsa_36,TSA,Toán 12,Đại số,Mô hình tăng trưởng hàm mũ & Lãi kép,skill_calculation;skill_reasoning,Dễ,M2,60,single_choice,"Một người đầu tư 500 triệu đồng vào quỹ mở với lãi suất kỳ vọng 10%/năm. Theo quy tắc 72 (Rule of 72), sau khoảng bao nhiêu năm thì số vốn đầu tư ban đầu của người đó sẽ tăng gấp đôi?","7,2 năm",10 năm,5 năm,"14,4 năm",A,"Theo quy tắc tài chính 72: Thời gian nhân đôi số vốn xấp xỉ t ≈ 72 / r% = 72 / 10 = 7,2 năm.",adapted,Tư duy Định lượng TSA,CC BY-NC-SA 4.0,kb_toan11_02
q_tsa_37,TSA,Toán 12,Đại số,Mô hình tăng trưởng hàm mũ & Lãi kép,skill_modeling;skill_calculation;skill_reasoning,Trung bình,M3,90,single_choice,"Dân số của một quốc gia năm 2020 là 100 triệu người. Tỉ lệ tăng dân số hàng năm ổn định ở mức 1,2%/năm. Hỏi vào năm nào dân số quốc gia đó vượt qua mốc 120 triệu người?",Năm 2036,Năm 2035,Năm 2038,Năm 2040,A,"Phương trình tăng trưởng: 100 · (1 + 0,012)^t ≥ 120 ⇔ 1,012^t ≥ 1,2 ⇔ t ≥ ln(1,2) / ln(1,012) ≈ 0,1823 / 0,01193 ≈ 15,28 năm.<br>2020 + 16 = 2036. Năm 2036 dân số sẽ vượt mốc 120 triệu.",official,Đề thi TSA Bách Khoa,CC BY-NC-SA 4.0,kb_toan12_02
q_tsa_38,TSA,Toán 12,Giải tích,Thể tích khối đa diện & Khối tròn xoay,skill_calculation;skill_reasoning,Khó,M4,120,single_choice,"Một đống cát có dạng hình nón có góc ở đỉnh bằng \(90^\circ\). Khi cát chảy thêm làm chiều cao tháp cát tăng với tốc độ \(0,2\text{ m/phút}\). Tốc độ tăng thể tích đống cát tại thời điểm chiều cao tháp là \(h = 3\text{ m}\) bằng:","\(1,8\pi\text{ m}^3/\text{phút}\)","\(0,6\pi\text{ m}^3/\text{phút}\)","\(3,6\pi\text{ m}^3/\text{phút}\)","\(2,4\pi\text{ m}^3/\text{phút}\)",A,"Góc ở đỉnh 90° => thiết diện qua trục là tam giác vuông cân tại đỉnh => góc nghiêng đường sinh là 45° => bán kính đáy r = h.<br>Thể tích: V = (1/3)π r² h = (1/3)π h³.<br>Đạo hàm theo thời gian: dV/dt = π h² (dh/dt) = π (3)² (0,2) = 1,8π m³/phút.",official,Đề thi TSA Bách Khoa,CC BY-NC-SA 4.0,kb_toan11_04
q_tsa_39,TSA,Toán 12,Giải tích,Diện tích hình phẳng & Thể tích khối tròn xoay,skill_calculation;skill_reasoning,Trung bình,M3,90,single_choice,"Một chậu hoa hình paraboloid tròn xoay được tạo thành bằng cách quay đường parabol \(y = x^2\) (đơn vị: dm, \(0 \le y \le 4\)) quanh trục Oy. Thể tích đất có thể chứa đầy chậu hoa đó là:",\(8\pi\text{ dm}^3\),\(16\pi\text{ dm}^3\),\(4\pi\text{ dm}^3\),\(\frac{32}{3}\pi\text{ dm}^3\),A,Quay quanh trục Oy: V = π ∫₀⁴ x² dy = π ∫₀⁴ y dy = π [y²/2]₀⁴ = π (16/2) = 8π dm³.,official,Đề thi TSA Bách Khoa,CC BY-NC-SA 4.0,kb_toan12_03
q_tsa_40,TSA,Toán 12,Đại số,Cực trị & Tính đơn điệu hàm số,skill_calculation;skill_reasoning,Khó,M4,120,single_choice,"Cho tập hợp \(S = \{1, 2, 3, 4, 5, 6\}\). Có bao nhiêu quan hệ tương đương khác nhau trên tập hợp con \(A = \{1, 2, 3\}\)?",5,3,8,6,A,"Số quan hệ tương đương trên tập n phần tử bằng số phân hoạch tập hợp (Số Bell B_n).<br>Với n = 3: B₃ = 5 (1 phân hoạch 3 phần tử, 3 phân hoạch 2+1, 1 phân hoạch 1+1+1).",adapted,Tư duy Logic Toán rời rạc TSA,CC BY-NC-SA 4.0,kb_toan10_01
q_hsa_23,HSA,Toán 12,Đại số,Cực trị & Tính đơn điệu hàm số,skill_calculation;skill_reasoning,Dễ,M2,60,single_choice,Tổng của 10 số hạng đầu tiên của cấp số cộng có số hạng đầu \(u_1 = 4\) và công sai \(d = 3\) là:,175,160,190,145,A,S₁₀ = 10 · [2(4) + 9(3)] / 2 = 5 · (8 + 27) = 5 · 35 = 175.,official,Đề thi ĐGNL ĐHQGHN,CC BY-NC-SA 4.0,kb_toan11_02
q_hsa_24,HSA,Toán 12,Đại số,Cực trị & Tính đơn điệu hàm số,skill_calculation;skill_reasoning,Trung bình,M3,90,single_choice,"Một người thả một quả bóng từ độ cao 10 m xuống mặt đất. Sau mỗi lần chạm đất, bóng nảy lên độ cao bằng 3/4 độ cao của lần rơi trước đó. Tổng quãng đường quả bóng di chuyển được kể từ lúc thả đến khi bóng dừng hẳn là:",70 m,40 m,60 m,80 m,A,Lần rơi đầu: 10 m.<br>Các lần nảy lên và rơi xuống sau: 2 × [10(3/4) + 10(3/4)² + ...].<br>Tổng chuỗi CSN lùi vô hạn: S = 10 + 20 × [(3/4) / (1 - 3/4)] = 10 + 20 × 3 = 10 + 60 = 70 m.,official,Đề thi ĐGNL ĐHQGHN,CC BY-NC-SA 4.0,kb_toan11_02
q_hsa_25,HSA,Toán 12,Hình học,Phương trình Mặt phẳng & Đường thẳng Oxyz,skill_spatial;skill_reasoning,Dễ,M2,60,single_choice,Góc giữa hai mặt phẳng \((P): x + y - 2 = 0\) và \((Q): y + z + 1 = 0\) bằng:,60°,45°,30°,90°,A,"Vectơ pháp tuyến: n_P = (1, 1, 0), n_Q = (0, 1, 1).<br>cos φ = |n_P · n_Q| / (|n_P| · |n_Q|) = |1(0) + 1(1) + 0(1)| / (√2 · √2) = 1/2 => φ = 60°.",official,Đề thi ĐGNL ĐHQGHN,CC BY-NC-SA 4.0,kb_toan12_04
q_hsa_26,HSA,Toán 12,Đại số,Cực trị & Tính đơn điệu hàm số,skill_calculation;skill_reasoning,Dễ,M2,60,single_choice,Hệ số của số hạng chứa \(x^3\) trong khai triển nhị thức Newton \((2x - 1)^5\) là:,80,-80,40,-40,A,Số hạng tổng quát: T_{k+1} = C₅^k (2x)^{5-k} (-1)^k = C₅^k 2^{5-k} (-1)^k x^{5-k}.<br>Cần số hạng chứa x³ => 5 - k = 3 => k = 2.<br>Hệ số: C₅² · 2³ · (-1)² = 10 · 8 · 1 = 80.,official,Đề thi ĐGNL ĐHQGHN,CC BY-NC-SA 4.0,kb_toan10_05
q_hsa_27,HSA,Toán 12,Đại số,Cực trị & Tính đơn điệu hàm số,skill_calculation;skill_reasoning,Dễ,M2,60,single_choice,Tập nghiệm của bất phương trình \(\sqrt{x - 1} < 3\) là:,\([1; 10)\),\((-\infty; 10)\),\((1; 10)\),\([1; 10]\),A,Điều kiện: x - 1 ≥ 0 ⇔ x ≥ 1.<br>Bình phương 2 vế: x - 1 < 9 ⇔ x < 10.<br>Tập nghiệm: [1; 10).,official,Đề thi ĐGNL ĐHQGHN,CC BY-NC-SA 4.0,kb_toan10_01
q_hsa_28,HSA,Toán 12,Giải tích,"Phương trình, Bất phương trình Mũ & Logarit",skill_calculation;skill_reasoning,Dễ,M2,60,single_choice,Tính đạo hàm của hàm số \(y = \log_3(x^2 + 1)\) tại \(x = 1\).,\(\frac{1}{\ln 3}\),\(\frac{2}{\ln 3}\),\(\frac{1}{2\ln 3}\),\(1\),A,y' = (x² + 1)' / [(x² + 1) ln 3] = 2x / [(x² + 1) ln 3].<br>Tại x = 1: y'(1) = 2(1) / [(1 + 1) ln 3] = 2 / (2 ln 3) = 1 / ln 3.,official,Đề thi ĐGNL ĐHQGHN,CC BY-NC-SA 4.0,kb_toan12_02
q_hsa_29,HSA,Toán 12,Hình học,Mặt cầu & Khoảng cách trong Oxyz,skill_spatial;skill_reasoning,Dễ,M2,60,single_choice,Khoảng cách giữa hai đường thẳng song song \(d_1: 3x - 4y + 5 = 0\) và \(d_2: 3x - 4y - 15 = 0\) trong mặt phẳng Oxy bằng:,4,2,3,5,A,Công thức khoảng cách hai đường song song: d = |c₁ - c₂| / √(a² + b²) = |5 - (-15)| / √(3² + (-4)²) = 20 / 5 = 4.,official,Đề thi ĐGNL ĐHQGHN,CC BY-NC-SA 4.0,kb_toan10_04
q_hsa_30,HSA,Toán 12,Thống kê,Cực trị & Tính đơn điệu hàm số,skill_probability;skill_data_analysis,Dễ,M2,60,single_choice,"Một mẫu số liệu gồm 5 giá trị: 4, 6, 8, 10, 12. Phương sai \(s^2\) của mẫu số liệu này bằng:",8,2√2,10,"6,4",A,Trung bình: x̄ = (4 + 6 + 8 + 10 + 12) / 5 = 40 / 5 = 8.<br>Phương sai: s² = [(-4)² + (-2)² + 0² + 2² + 4²] / 5 = (16 + 4 + 0 + 4 + 16) / 5 = 40 / 5 = 8.,official,Đề thi ĐGNL ĐHQGHN,CC BY-NC-SA 4.0,kb_toan10_05
q_thpt_16,THPT,Toán 12,Giải tích,Cực trị & Tính đơn điệu hàm số,skill_calculation;skill_reasoning,Dễ,M2,60,single_choice,Hàm số \(y = \frac{1}{3}x^3 - 2x^2 + 3x - 1\) nghịch biến trên khoảng nào dưới đây?,\((1; 3)\),\((-\infty; 1)\),\((3; +\infty)\),\((0; 3)\),A,y' = x² - 4x + 3 = (x - 1)(x - 3).<br>y' < 0 ⇔ 1 < x < 3. Hàm số nghịch biến trên khoảng (1; 3).,adapted,Đề thi Tốt nghiệp THPT,CC BY-NC-SA 4.0,kb_toan12_01
q_thpt_17,THPT,Toán 12,Đại số,"Phương trình, Bất phương trình Mũ & Logarit",skill_calculation;skill_reasoning,Dễ,M2,60,single_choice,Nghiệm của phương trình \(3^{x - 2} = 27\) là:,\(x = 5\),\(x = 3\),\(x = 1\),\(x = -1\),A,3^{x - 2} = 3³ ⇔ x - 2 = 3 ⇔ x = 5.,adapted,Đề thi Tốt nghiệp THPT,CC BY-NC-SA 4.0,kb_toan12_02
q_thpt_18,THPT,Toán 12,Hình học,Phương trình Mặt phẳng & Đường thẳng Oxyz,skill_spatial;skill_reasoning,Dễ,M2,60,single_choice,"Trong không gian Oxyz, hình chiếu vuông góc của điểm \(M(2, -3, 5)\) lên mặt phẳng \((Oxy)\) có tọa độ là:","\((2, -3, 0)\)","\((2, 0, 5)\)","\((0, -3, 5)\)","\((0, 0, 5)\)",A,"Hình chiếu lên mặt phẳng (Oxy) thì giữ nguyên hoành độ x và tung độ y, cho cao độ z = 0 => (2, -3, 0).",adapted,Đề thi Tốt nghiệp THPT,CC BY-NC-SA 4.0,kb_toan12_04
q_thpt_19,THPT,Toán 12,Hình học,Thể tích khối đa diện & Khối tròn xoay,skill_spatial;skill_reasoning,Dễ,M2,60,single_choice,Một hình trụ có bán kính đáy \(r = 4\) và độ dài đường sinh \(l = 5\). Diện tích toàn phần của hình trụ đó bằng:,\(72\pi\),\(40\pi\),\(32\pi\),\(80\pi\),A,S_tp = 2π r l + 2π r² = 2π(4)(5) + 2π(16) = 40π + 32π = 72π.,adapted,Đề thi Tốt nghiệp THPT,CC BY-NC-SA 4.0,kb_toan12_04
q_thpt_20,THPT,Toán 12,Đại số,Cực trị & Tính đơn điệu hàm số,skill_calculation;skill_reasoning,Dễ,M2,60,single_choice,Số phức liên hợp của số phức \(z = 3 - 5i\) là:,\(\bar{z} = 3 + 5i\),\(\bar{z} = -3 + 5i\),\(\bar{z} = -3 - 5i\),\(\bar{z} = 5 - 3i\),A,Số phức liên hợp giữ nguyên phần thực và đổi dấu phần ảo: z = a + bi => z̄ = a - bi. Ở đây z = 3 - 5i => z̄ = 3 + 5i.,adapted,Đề thi Tốt nghiệp THPT,CC BY-NC-SA 4.0,kb_toan12_02
q_calc_11,Giải tích 1,Toán 12,Giải tích,Cực trị & Tính đơn điệu hàm số,skill_calculation;skill_reasoning,Trung bình,M3,90,single_choice,Tính giới hạn \(L = \lim_{x \to 0} \frac{\tan x - \sin x}{x^3}\).,\(\frac{1}{2}\),0,1,\(\frac{1}{6}\),A,tan x - sin x = tan x (1 - cos x) ~ x · (x²/2) = x³/2.<br>Do đó L = lim (x³/2) / x³ = 1/2.,adapted,Toán Cao Cấp ĐHBK Hà Nội,CC BY-NC-SA 4.0,kb_gt1_01
q_calc_12,Toán cao cấp,Toán 12,Đại số,Cực trị & Tính đơn điệu hàm số,skill_calculation;skill_reasoning,Dễ,M2,60,single_choice,Cho ma trận \(A = \begin{pmatrix} 1 & 0 & 2 \\ 0 & 3 & 1 \\ 0 & 0 & -2 \end{pmatrix}\). Các giá trị riêng của ma trận A là:,"\(1, 3, -2\)","\(1, -3, 2\)","\(0, 3, 2\)","\(1, 0, -2\)",A,"A là ma trận tam giác trên, do đó các giá trị riêng chính là các phần tử nằm trên đường chéo chính: λ₁ = 1, λ₂ = 3, λ₃ = -2.",adapted,Đại số Tuyến tính ĐHBK,CC BY-NC-SA 4.0,kb_dstt_04
q_calc_13,Giải tích 1,Toán 12,Giải tích,Nguyên hàm & Tích phân đa phương pháp,skill_calculation;skill_reasoning,Dễ,M2,60,single_choice,Tích phân suy rộng loại 2: \(I = \int_0^1 \frac{1}{\sqrt{1 - x^2}} dx\) có giá trị bằng:,\(\frac{\pi}{2}\),\(\pi\),1,Phân kỳ,A,Nguyên hàm cơ bản: ∫ 1/√(1 - x²) dx = arcsin x.<br>I = [arcsin x]₀¹ = arcsin 1 - arcsin 0 = π/2.,adapted,Toán Cao Cấp ĐHBK Hà Nội,CC BY-NC-SA 4.0,kb_gt1_03
q_calc_14,Giải tích 1,Toán 12,Giải tích,Cực trị & Tính đơn điệu hàm số,skill_calculation;skill_reasoning,Dễ,M2,60,single_choice,Chuỗi số \(\sum_{n=1}^{\infty} \frac{1}{n(n+1)}\) có tổng bằng:,1,2,1/2,Phân kỳ,A,"Phân tích số hạng: 1/[n(n+1)] = 1/n - 1/(n+1).<br>Tổng riêng phần thứ N là chuỗi vi sai thu gọn (Telescoping Sum): S_N = (1 - 1/2) + (1/2 - 1/3) + ... + (1/N - 1/(N+1)) = 1 - 1/(N+1).<br>Khi N → ∞, tổng S = lim (1 - 1/(N+1)) = 1.",adapted,Toán Cao Cấp ĐHBK Hà Nội,CC BY-NC-SA 4.0,kb_gt1_04
q_calc_15,Giải tích 1,Toán 12,Giải tích,Cực trị & Tính đơn điệu hàm số,skill_calculation;skill_reasoning,Dễ,M2,60,single_choice,Nghiệm của phương trình vi phân \(y' = 3x^2\) thỏa mãn điều kiện \(y(0) = 4\) là:,\(y = x^3 + 4\),\(y = 6x + 4\),\(y = x^3\),\(y = 3x^3 + 4\),A,y = ∫ 3x² dx = x³ + C. Điều kiện y(0) = 4 => C = 4 => y = x³ + 4.,adapted,Toán Cao Cấp ĐHBK Hà Nội,CC BY-NC-SA 4.0,kb_gt1_05
q_tsa_41,TSA,Toán 12,Đại số,Cực trị & Tính đơn điệu hàm số,skill_calculation;skill_reasoning,Dễ,M2,60,single_choice,"Một thuật toán sắp xếp nổi bọt (Bubble Sort) được áp dụng trên mảng gồm 5 phần tử: [5, 1, 4, 2, 8]. Số phép đổi chỗ (swap) tối thiểu cần thực hiện để mảng được sắp xếp tăng dần là:",4 phép đổi chỗ,3 phép đổi chỗ,5 phép đổi chỗ,2 phép đổi chỗ,A,"Các nghịch thế trong mảng ban đầu: (5,1), (5,4), (5,2), (4,2) gồm đúng 4 cặp nghịch thế. Mỗi phép swap liền kề triệt tiêu đúng 1 nghịch thế, do đó cần đúng 4 phép đổi chỗ.",adapted,Tư duy Thuật toán TSA,CC BY-NC-SA 4.0,kb_toan10_01
q_tsa_42,TSA,Toán 12,Đại số,Cực trị & Tính đơn điệu hàm số,skill_calculation;skill_reasoning,Dễ,M2,60,single_choice,"Trong một đồ thị liên thông gồm 7 đỉnh, số cạnh tối thiểu để đồ thị không chứa chu trình (cây khung - spanning tree) là:",6 cạnh,7 cạnh,5 cạnh,8 cạnh,A,"Một cây gồm V đỉnh luôn có đúng V - 1 cạnh. Với V = 7 đỉnh, số cạnh của cây khung là 7 - 1 = 6 cạnh.",adapted,Tư duy Logic Đồ thị TSA,CC BY-NC-SA 4.0,kb_toan10_01
q_tsa_43,TSA,Toán 12,Giải tích,GTLN - GTNN & Tối ưu hóa thực tế,skill_calculation;skill_reasoning,Dễ,M2,60,single_choice,"Một bình ắc quy có suất điện động \(E = 12\text{ V}\) và điện trở trong \(r = 2\,\Omega\). Để công suất tiêu thụ trên điện trở mạch ngoài \(R\) đạt giá trị lớn nhất thì giá trị của \(R\) phải bằng:",2 Ω,4 Ω,1 Ω,6 Ω,A,"Công suất mạch ngoài: P = I² R = [E / (R + r)]² R = E² / [(√R + r/√R)²].<br>Theo AM-GM: (√R + r/√R)² ≥ 4r, dấu '=' xảy ra khi √R = r/√R ⇔ R = r = 2 Ω.",adapted,Tư duy Khoa học Kỹ thuật TSA,CC BY-NC-SA 4.0,kb_toan10_02
q_tsa_44,TSA,Toán 12,Hình học,Cực trị & Tính đơn điệu hàm số,skill_spatial;skill_reasoning,Dễ,M2,60,single_choice,Một người quan sát đứng cách một tháp phát sóng 50 m. Góc nâng từ mặt đất đến đỉnh tháp là \(60^\circ\). Chiều cao của tháp phát sóng gần nhất với giá trị nào?,"86,6 m",50 m,100 m,75 m,A,"h = d · tan 60° = 50 · √3 ≈ 50 · 1,732 = 86,6 m.",official,Đề thi TSA Bách Khoa,CC BY-NC-SA 4.0,kb_toan10_04
q_tsa_45,TSA,Toán 12,Thống kê,"Quy tắc đếm, Tổ hợp & Xác suất cổ điển",skill_probability;skill_data_analysis,Dễ,M2,60,single_choice,"Một công ty dự báo nhu cầu sản phẩm tuân theo phân phối chuẩn với trung bình \(\mu = 1000\) sản phẩm/tháng và độ lệch chuẩn \(\sigma = 100\). Theo quy tắc thực nghiệm 68-95-99.7, xác suất nhu cầu tháng tới nằm trong khoảng từ 800 đến 1200 sản phẩm xấp xỉ bằng:",95%,68%,"99,7%",90%,A,"Khoảng [800; 1200] chính là [μ - 2σ; μ + 2σ]. Với phân phối chuẩn, tỉ lệ dữ liệu rơi vào khoảng 2 độ lệch chuẩn quanh trung bình là khoảng 95,45% ≈ 95%.",official,Đề thi TSA Bách Khoa,CC BY-NC-SA 4.0,kb_toan10_05
q_tsa_46,TSA,Toán 12,Hình học,Cực trị & Tính đơn điệu hàm số,skill_spatial;skill_reasoning,Dễ,M2,60,single_choice,Một anten viễn thông có mặt cắt ngang là một parabol có tiêu cự \(f = 2\text{ m}\). Phương trình chính tắc của parabol này trong hệ tọa độ phù hợp là:,\(y^2 = 8x\),\(y^2 = 4x\),\(y^2 = 2x\),\(y = 2x^2\),A,"Phương trình chính tắc của parabol đỉnh tại O là y² = 2px, trong đó tiêu cự f = p/2 => p = 2f = 4 => y² = 8x.",official,Đề thi TSA Bách Khoa,CC BY-NC-SA 4.0,kb_toan10_03
q_tsa_47,TSA,Toán 12,Đại số,Cực trị & Tính đơn điệu hàm số,skill_calculation;skill_reasoning,Trung bình,M3,90,single_choice,"Để mã hóa một chuỗi nhị phân 4 bit, mã Hamming(7, 4) thêm vào bao nhiêu bit chẵn lẻ (parity bits) để có thể phát hiện và sửa sai 1 bit?",3 bit,2 bit,4 bit,1 bit,A,"Mã Hamming(7, 4) có tổng độ dài n = 7 bit, trong đó dữ liệu gốc k = 4 bit. Số bit kiểm tra chẵn lẻ là r = n - k = 7 - 4 = 3 bit (thỏa mãn bất đẳng thức 2^r ≥ k + r + 1 = 8).",adapted,Tư duy Công nghệ Thông tin TSA,CC BY-NC-SA 4.0,kb_toan10_01
q_tsa_48,TSA,Toán 12,Giải tích,GTLN - GTNN & Tối ưu hóa thực tế,skill_calculation;skill_reasoning,Dễ,M2,60,single_choice,Cho hàm số \(f(x) = x e^{-x}\). Giá trị lớn nhất của hàm số trên \([0; +\infty)\) là:,\(\frac{1}{e}\),\(1\),\(e\),\(\frac{1}{e^2}\),A,"f'(x) = e^{-x} - x e^{-x} = (1 - x)e^{-x} = 0 ⇔ x = 1.<br>f(1) = 1 · e⁻¹ = 1/e. Khi x → +∞, lim f(x) = 0. Vậy giá trị lớn nhất là 1/e.",official,Đề thi TSA Bách Khoa,CC BY-NC-SA 4.0,kb_toan12_01
q_tsa_49,TSA,Toán 12,Đại số,"Phương trình, Bất phương trình Mũ & Logarit",skill_calculation;skill_reasoning,Trung bình,M3,90,single_choice,Tích của tất cả các nghiệm thực của phương trình \(x^{\log_2 x} = 4x\) bằng:,2,4,8,1,A,"Lấy logarit cơ số 2 hai vế: log₂(x^{log₂ x}) = log₂(4x) ⇔ (log₂ x)² = 2 + log₂ x.<br>Đặt t = log₂ x => t² - t - 2 = 0 ⇔ t₁ = -1, t₂ = 2.<br>Suy ra x₁ = 2⁻¹ = 1/2; x₂ = 2² = 4.<br>Tích hai nghiệm: x₁ · x₂ = (1/2) · 4 = 2.",official,Đề thi TSA Bách Khoa,CC BY-NC-SA 4.0,kb_toan12_02
q_tsa_50,TSA,Toán 12,Giải tích,Cực trị & Tính đơn điệu hàm số,skill_calculation;skill_reasoning,Dễ,M2,60,single_choice,Một con lắc dao động điều hòa theo quy luật \(x(t) = 5\cos(4\pi t - \pi/3)\) (cm). Vận tốc cực đại của con lắc bằng:,\(20\pi\text{ cm/s}\),\(5\pi\text{ cm/s}\),\(10\pi\text{ cm/s}\),\(40\pi\text{ cm/s}\),A,Vận tốc tức thời: v(t) = x'(t) = -20π sin(4πt - π/3).<br>Vận tốc cực đại v_max = A · ω = 5 · 4π = 20π cm/s.,adapted,Tư duy Vật lý TSA,CC BY-NC-SA 4.0,kb_toan11_04
q_tsa_51,TSA,Toán 12,Giải tích,Cực trị & Tính đơn điệu hàm số,skill_calculation;skill_reasoning,Dễ,M2,60,single_choice,Tính giới hạn \(L = \lim_{x \to +\infty} x \left( \sqrt{x^2 + 1} - x \right)\).,\(\frac{1}{2}\),1,0,\(\infty\),A,Nhân liên hợp: √(x² + 1) - x = 1 / [√(x² + 1) + x].<br>L = lim x / [√(x² + 1) + x] = lim 1 / [√(1 + 1/x²) + 1] = 1 / (1 + 1) = 1/2.,official,Đề thi TSA Bách Khoa,CC BY-NC-SA 4.0,kb_toan11_03
q_tsa_52,TSA,Toán 12,Xác suất,"Quy tắc đếm, Tổ hợp & Xác suất cổ điển",skill_probability;skill_reasoning;skill_data_analysis,Dễ,M2,60,single_choice,Một mật mã két sắt gồm 4 chữ số (mỗi chữ số từ 0 đến 9). Một người quên mật mã nhưng nhớ rằng 4 chữ số này tăng dần từ trái sang phải (ví dụ 1248). Có bao nhiêu mật mã thỏa mãn điều kiện này?,210,120,5040,360,A,"Mỗi cách chọn ra 4 chữ số phân biệt từ tập 10 chữ số {0, 1, ..., 9} chỉ có duy nhất 1 cách sắp xếp theo thứ tự tăng dần.<br>Số mật mã hợp lệ: C₁₀⁴ = (10 · 9 · 8 · 7) / 24 = 210.",adapted,Tư duy Định lượng TSA,CC BY-NC-SA 4.0,kb_toan10_05
q_tsa_53,TSA,Toán 12,Hình học,Phương trình Mặt phẳng & Đường thẳng Oxyz,skill_spatial;skill_reasoning,Dễ,M2,60,single_choice,"Trong không gian Oxyz, phương trình mặt phẳng đi qua gốc tọa độ O và song song với mặt phẳng \((P): 2x - 3y + 4z - 12 = 0\) là:",\(2x - 3y + 4z = 0\),\(2x - 3y + 4z + 12 = 0\),\(x - 3y + 2z = 0\),\(2x + 3y + 4z = 0\),A,"Mặt phẳng song song với (P) có cùng vectơ pháp tuyến n = (2, -3, 4). Đi qua O(0,0,0) nên hệ số tự do D = 0 => 2x - 3y + 4z = 0.",official,Đề thi TSA Bách Khoa,CC BY-NC-SA 4.0,kb_toan12_04
q_tsa_54,Toán cao cấp,Toán 12,Đại số,Cực trị & Tính đơn điệu hàm số,skill_calculation;skill_reasoning,Dễ,M2,60,single_choice,Một ma trận \(A\) vuông cấp 3 có định thức \(\det(A) = 3\). Giá trị của \(\det(2A)\) bằng:,24,6,18,12,A,"Tính chất định thức: det(k A) = k^n det(A) với n là cấp của ma trận vuông. Ở đây n = 3, k = 2 => det(2A) = 2³ · 3 = 8 · 3 = 24.",adapted,Đại số Tuyến tính ĐHBK,CC BY-NC-SA 4.0,kb_dstt_02
q_tsa_55,TSA,Toán 12,Xác suất,"Quy tắc đếm, Tổ hợp & Xác suất cổ điển",skill_probability;skill_reasoning;skill_data_analysis,Dễ,M2,60,single_choice,Cho hàm mật độ xác suất của biến ngẫu nhiên liên tục X là \(f(x) = k x\) với \(0 \le x \le 2\) (và bằng 0 ở ngoài khoảng đó). Hằng số chuẩn hóa k bằng:,\(\frac{1}{2}\),1,2,\(\frac{1}{4}\),A,Điều kiện chuẩn hóa hàm mật độ: ∫₀² f(x) dx = 1 ⇔ ∫₀² k x dx = k [x²/2]₀² = 2k = 1 => k = 1/2.,adapted,Xác suất Thống kê TSA,CC BY-NC-SA 4.0,kb_toan12_05
q_hsa_31,HSA,Toán 12,Đại số,"Phương trình, Bất phương trình Mũ & Logarit",skill_calculation;skill_reasoning,Dễ,M2,60,single_choice,Nghiệm nguyên nhỏ nhất của bất phương trình \(\log_3(x - 2) > 2\) là:,12,11,10,13,A,log₃(x - 2) > 2 ⇔ x - 2 > 3² = 9 ⇔ x > 11. Nghiệm nguyên nhỏ nhất là x = 12.,official,Đề thi ĐGNL ĐHQGHN,CC BY-NC-SA 4.0,kb_toan12_02
q_hsa_32,HSA,Toán 12,Hình học,Thể tích khối đa diện & Khối tròn xoay,skill_spatial;skill_reasoning,Dễ,M2,60,single_choice,Cho hình lăng trụ tam giác đều \(ABC.A'B'C'\) có cạnh đáy bằng \(a\) và cạnh bên bằng \(2a\). Thể tích của khối lăng trụ đó là:,\(\frac{a^3\sqrt{3}}{2}\),\(\frac{a^3\sqrt{3}}{6}\),\(a^3\sqrt{3}\),\(\frac{a^3\sqrt{3}}{4}\),A,Diện tích đáy tam giác đều: S = a²√3 / 4.<br>Thể tích: V = S · h = (a²√3 / 4) · (2a) = a³√3 / 2.,official,Đề thi ĐGNL ĐHQGHN,CC BY-NC-SA 4.0,kb_toan12_04
q_hsa_33,HSA,Toán 12,Giải tích,Cực trị & Tính đơn điệu hàm số,skill_calculation;skill_reasoning,Trung bình,M3,90,single_choice,"Biết rằng đồ thị hàm số \(y = x^3 - 3x^2 + mx - 1\) có hai điểm cực trị \(x_1, x_2\) thỏa mãn \(x_1^2 + x_2^2 = 6\). Giá trị của tham số m bằng:",-3,3,0,1,A,"y' = 3x² - 6x + m = 0. Theo Viète: x₁ + x₂ = 2, x₁ · x₂ = m/3.<br>x₁² + x₂² = (x₁ + x₂)² - 2x₁ x₂ = 4 - 2m/3 = 6 ⇔ 2m/3 = -2 ⇔ m = -3.<br>Khi m = -3, Δ' = 9 - 3(-3) = 18 > 0 (thỏa mãn có 2 cực trị).",official,Đề thi ĐGNL ĐHQGHN,CC BY-NC-SA 4.0,kb_toan12_01
q_hsa_34,HSA,Toán 12,Xác suất,"Quy tắc đếm, Tổ hợp & Xác suất cổ điển",skill_probability;skill_reasoning;skill_data_analysis,Dễ,M2,60,single_choice,Một lớp học có 25 học sinh nam và 15 học sinh nữ. Chọn ngẫu nhiên 2 học sinh đi dự đại hội Đoàn. Xác suất để chọn được 1 học sinh nam và 1 học sinh nữ là:,\(\frac{25}{52}\),\(\frac{15}{52}\),\(\frac{1}{2}\),\(\frac{5}{13}\),A,n(Ω) = C₄₀² = 780.<br>Số cách chọn 1 nam và 1 nữ: 25 × 15 = 375.<br>Xác suất P = 375 / 780 = 25 / 52.,official,Đề thi ĐGNL ĐHQGHN,CC BY-NC-SA 4.0,kb_toan10_05
q_hsa_35,HSA,Toán 12,Hình học,Phương trình Mặt phẳng & Đường thẳng Oxyz,skill_spatial;skill_reasoning,Dễ,M2,60,single_choice,"Trong không gian Oxyz, cho hai điểm \(A(1, 1, 2)\) và \(B(3, 5, 4)\). Phương trình mặt phẳng trung trực của đoạn thẳng AB là:",\(x + 2y + z - 11 = 0\),\(x + 2y + z + 11 = 0\),\(2x + 4y + 2z - 9 = 0\),\(x + 2y - z - 5 = 0\),A,"Trung điểm M của AB là M(2, 3, 3).<br>Vectơ AB = (2, 4, 2) = 2(1, 2, 1).<br>Mặt phẳng trung trực qua M nhận n = (1, 2, 1) làm pháp tuyến:<br>1(x - 2) + 2(y - 3) + 1(z - 3) = 0 ⇔ x + 2y + z - 11 = 0.",official,Đề thi ĐGNL ĐHQGHN,CC BY-NC-SA 4.0,kb_toan12_04
q_hsa_36,HSA,Toán 12,Giải tích,GTLN - GTNN & Tối ưu hóa thực tế,skill_modeling;skill_calculation;skill_reasoning,Dễ,M2,60,single_choice,Một người nông dân muốn rào một khu vườn hình chữ nhật có một cạnh giáp bờ sông (không cần làm rào ở cạnh này). Tổng chiều dài lưới thép có sẵn là 120 m. Diện tích lớn nhất của khu vườn mà người đó có thể rào được là:,1800 m²,3600 m²,2400 m²,1600 m²,A,Gọi x là độ dài 2 cạnh vuông góc với bờ sông (x > 0). Cạnh song song bờ sông có chiều dài 120 - 2x.<br>Diện tích: S(x) = x(120 - 2x) = -2x² + 120x.<br>Parabol đạt cực đại tại x = -120 / (2 · (-2)) = 30 m.<br>Diện tích lớn nhất S_max = 30 · (120 - 60) = 1800 m².,official,Đề thi ĐGNL ĐHQGHN,CC BY-NC-SA 4.0,kb_toan10_03
q_hsa_37,HSA,Toán 12,Đại số,Phương trình Mặt phẳng & Đường thẳng Oxyz,skill_calculation;skill_reasoning,Dễ,M2,60,single_choice,Tập hợp các điểm biểu diễn số phức z thỏa mãn điều kiện \(|z - 1 + 2i| = 3\) trong mặt phẳng phức là:,"Đường tròn tâm I(1, -2), bán kính R = 3","Đường tròn tâm I(-1, 2), bán kính R = 3","Đường tròn tâm I(1, -2), bán kính R = 9",Đường thẳng x - 2y = 3,A,"Đặt z = x + yi. Ta có |(x - 1) + (y + 2)i| = 3 ⇔ (x - 1)² + (y + 2)² = 9.<br>Đây là phương trình đường tròn tâm I(1, -2) và bán kính R = 3.",official,Đề thi ĐGNL ĐHQGHN,CC BY-NC-SA 4.0,kb_toan12_02
q_hsa_38,HSA,Toán 12,Giải tích,Nguyên hàm & Tích phân đa phương pháp,skill_calculation;skill_reasoning,Dễ,M2,60,single_choice,Nguyên hàm của hàm số \(f(x) = \cos(3x + 1)\) là:,\(\frac{1}{3}\sin(3x + 1) + C\),\(-\frac{1}{3}\sin(3x + 1) + C\),\(3\sin(3x + 1) + C\),\(\sin(3x + 1) + C\),A,∫ cos(ax + b) dx = (1/a) sin(ax + b) + C. Với a = 3 => (1/3) sin(3x + 1) + C.,official,Đề thi ĐGNL ĐHQGHN,CC BY-NC-SA 4.0,kb_toan12_03
q_hsa_39,HSA,Toán 12,Hình học,Thể tích khối đa diện & Khối tròn xoay,skill_spatial;skill_reasoning,Dễ,M2,60,single_choice,Một hình nón có bán kính đáy \(r = 5\) và diện tích xung quanh \(S_{xq} = 65\pi\). Độ dài đường sinh \(l\) của hình nón bằng:,13,12,10,15,A,S_xq = π r l ⇔ 65π = π · 5 · l => l = 65 / 5 = 13.,official,Đề thi ĐGNL ĐHQGHN,CC BY-NC-SA 4.0,kb_toan12_04
q_hsa_40,HSA,Toán 12,Đại số,"Phương trình, Bất phương trình Mũ & Logarit",skill_calculation;skill_reasoning,Dễ,M2,60,single_choice,Bất phương trình \(3^{x^2 - 4} \ge 1\) có tập nghiệm là:,\((-\infty; -2] \cup [2; +\infty)\),\([-2; 2]\),\((-\infty; -2) \cup (2; +\infty)\),\(\mathbb{R}\),A,3^{x² - 4} ≥ 3⁰ ⇔ x² - 4 ≥ 0 ⇔ x ≤ -2 hoặc x ≥ 2. Tập nghiệm: (-∞; -2] ∪ [2; +∞).,official,Đề thi ĐGNL ĐHQGHN,CC BY-NC-SA 4.0,kb_toan12_02
q_thpt_21,THPT,Toán 12,Hình học,Thể tích khối đa diện & Khối tròn xoay,skill_spatial;skill_reasoning,Dễ,M2,60,single_choice,Thể tích khối chóp tứ giác đều có cạnh đáy bằng \(a\) và chiều cao bằng \(a\sqrt{3}\) là:,\(\frac{a^3\sqrt{3}}{3}\),\(a^3\sqrt{3}\),\(\frac{a^3\sqrt{3}}{6}\),\(\frac{a^3}{3}\),A,V = (1/3) · S_đáy · h = (1/3) · a² · a√3 = a³√3 / 3.,adapted,Đề thi Tốt nghiệp THPT,CC BY-NC-SA 4.0,kb_toan12_04
q_thpt_22,THPT,Toán 12,Giải tích,Đường tiệm cận của đồ thị hàm số,skill_calculation;skill_reasoning,Dễ,M2,60,single_choice,Tọa độ giao điểm của hai đường tiệm cận của đồ thị hàm số \(y = \frac{3x + 2}{x - 1}\) là:,"\((1, 3)\)","\((-1, 3)\)","\((1, -3)\)","\((3, 1)\)",A,"Tiệm cận đứng: x = 1. Tiệm cận ngang: y = 3. Giao điểm là I(1, 3).",adapted,Đề thi Tốt nghiệp THPT,CC BY-NC-SA 4.0,kb_toan12_01
q_thpt_23,THPT,Toán 12,Đại số,Cực trị & Tính đơn điệu hàm số,skill_calculation;skill_reasoning,Dễ,M2,60,single_choice,Cho hai số phức \(z_1 = 1 + 2i\) và \(z_2 = 2 - i\). Số phức \(w = z_1 \cdot z_2\) bằng:,\(4 + 3i\),\(4 - 3i\),\(2 - 2i\),\(5i\),A,(1 + 2i)(2 - i) = 2 - i + 4i - 2i² = 2 + 3i + 2 = 4 + 3i.,adapted,Đề thi Tốt nghiệp THPT,CC BY-NC-SA 4.0,kb_toan12_02
q_thpt_24,THPT,Toán 12,Hình học,Mặt cầu & Khoảng cách trong Oxyz,skill_spatial;skill_reasoning,Dễ,M2,60,single_choice,"Trong không gian Oxyz, khoảng cách giữa điểm \(A(1, 2, 3)\) và điểm \(B(4, 2, -1)\) bằng:",5,25,√7,4,A,AB = √[(4 - 1)² + (2 - 2)² + (-1 - 3)²] = √[3² + 0² + (-4)²] = √[9 + 16] = 5.,adapted,Đề thi Tốt nghiệp THPT,CC BY-NC-SA 4.0,kb_toan12_04
q_thpt_25,THPT,Toán 12,Giải tích,Nguyên hàm & Tích phân đa phương pháp,skill_calculation;skill_reasoning,Dễ,M2,60,single_choice,Giá trị của tích phân \(I = \int_0^1 (3x^2 + 2x) dx\) bằng:,2,1,3,5,A,I = [x³ + x²]₀¹ = (1 + 1) - 0 = 2.,adapted,Đề thi Tốt nghiệp THPT,CC BY-NC-SA 4.0,kb_toan12_03
q_calc_16,Giải tích 1,Toán 12,Giải tích,Cực trị & Tính đơn điệu hàm số,skill_calculation;skill_reasoning,Dễ,M2,60,single_choice,Nghiệm tổng quát của phương trình vi phân thuần nhất cấp 2: \(y'' - 4y = 0\) là:,\(y = C_1 e^{2x} + C_2 e^{-2x}\),\(y = C_1 \cos 2x + C_2 \sin 2x\),\(y = (C_1 + C_2 x) e^{2x}\),\(y = C_1 e^{4x} + C_2\),A,Phương trình đặc trưng: k² - 4 = 0 ⇔ k = ±2.<br>Hai nghiệm thực phân biệt nên nghiệm tổng quát là: y = C₁ e^{2x} + C₂ e^{-2x}.,adapted,Toán Cao Cấp ĐHBK Hà Nội,CC BY-NC-SA 4.0,kb_gt1_05
q_calc_17,Giải tích 1,Toán 12,Giải tích,Phương trình Mặt phẳng & Đường thẳng Oxyz,skill_calculation;skill_reasoning,Trung bình,M3,90,single_choice,"Tính giới hạn hai biến \(L = \lim_{(x, y) \to (0, 0)} \frac{x y}{x^2 + y^2}\) (hoặc kết luận nếu không tồn tại).",Không tồn tại giới hạn,0,1/2,1,A,"Tiến theo đường thẳng y = kx: lim x(kx) / [x² + k²x²] = k / (1 + k²).<br>Giới hạn phụ thuộc vào hệ số góc k của phương tiến tới (ví dụ k = 0 thì L = 0, k = 1 thì L = 1/2), do đó giới hạn không tồn tại.",adapted,Toán Cao Cấp ĐHBK Hà Nội,CC BY-NC-SA 4.0,kb_gt1_01
q_calc_18,Toán cao cấp,Toán 12,Đại số,Cực trị & Tính đơn điệu hàm số,skill_calculation;skill_reasoning,Dễ,M2,60,single_choice,Hạng của ma trận \(A = \begin{pmatrix} 1 & 2 & 3 \\ 2 & 4 & 6 \\ -1 & -2 & -3 \end{pmatrix}\) bằng:,1,2,3,0,A,"Hàng 2 bằng 2 lần hàng 1, hàng 3 bằng -1 lần hàng 1. Cả hai hàng 2 và 3 đều tỉ lệ với hàng 1 nên bị triệt tiêu khi khử Gauss. Hạng ma trận bằng 1.",adapted,Đại số Tuyến tính ĐHBK,CC BY-NC-SA 4.0,kb_dstt_03
q_calc_19,Giải tích 1,Toán 12,Giải tích,Cực trị & Tính đơn điệu hàm số,skill_calculation;skill_reasoning,Dễ,M2,60,single_choice,"Đạo hàm riêng cấp 1 theo biến x của hàm hai biến \(f(x, y) = x^3 y^2 + \sin(x y)\) là:",\(f'_x = 3x^2 y^2 + y\cos(xy)\),\(f'_x = 3x^2 y^2 + \cos(xy)\),\(f'_x = 2x^3 y + x\cos(xy)\),\(f'_x = 3x^2 + y\cos(xy)\),A,"Coi y là hằng số, đạo hàm theo x: (x³ y²)'_x = 3x² y²; (sin(xy))'_x = y cos(xy). Vậy f'_x = 3x² y² + y cos(xy).",adapted,Toán Cao Cấp ĐHBK Hà Nội,CC BY-NC-SA 4.0,kb_gt1_02
q_calc_20,Toán cao cấp,Toán 12,Đại số,Cực trị & Tính đơn điệu hàm số,skill_calculation;skill_reasoning,Dễ,M2,60,single_choice,Vết (Trace) của ma trận \(A = \begin{pmatrix} 5 & 2 & 1 \\ 0 & -3 & 4 \\ 1 & 1 & 7 \end{pmatrix}\) bằng:,9,15,5,10,A,Vết của ma trận vuông là tổng các phần tử trên đường chéo chính: tr(A) = 5 + (-3) + 7 = 9.,adapted,Đại số Tuyến tính ĐHBK,CC BY-NC-SA 4.0,kb_dstt_04
q_tsa_56,TSA,Toán 12,Đại số,Cực trị & Tính đơn điệu hàm số,skill_calculation;skill_reasoning,Dễ,M2,60,single_choice,Một mạch điện xoay chiều có cường độ dòng điện tức thời \(i(t) = 4\cos(100\pi t - \pi/4)\) (A). Cường độ hiệu dụng của dòng điện bằng:,\(2\sqrt{2}\text{ A}\),\(4\text{ A}\),\(2\text{ A}\),\(4\sqrt{2}\text{ A}\),A,Cường độ hiệu dụng bằng cực đại chia cho √2: I = I₀ / √2 = 4 / √2 = 2√2 A.,adapted,Tư duy Khoa học TSA,CC BY-NC-SA 4.0,kb_toan11_01
q_tsa_57,TSA,Toán 12,Giải tích,Cực trị & Tính đơn điệu hàm số,skill_calculation;skill_reasoning,Dễ,M2,60,single_choice,"Một quả bóng được ném thẳng đứng lên cao từ mặt đất với vận tốc ban đầu \(v_0 = 20\text{ m/s}\). Lấy \(g = 10\text{ m/s}^2\), bỏ qua sức cản không khí. Độ cao cực đại mà quả bóng đạt được là:",20 m,40 m,10 m,25 m,A,Phương trình chuyển động: y(t) = v₀ t - (1/2)gt² = 20t - 5t².<br>Vận tốc v(t) = 20 - 10t = 0 ⇔ t = 2 s.<br>Độ cao cực đại: y(2) = 20(2) - 5(4) = 40 - 20 = 20 m.,official,Đề thi TSA Bách Khoa,CC BY-NC-SA 4.0,kb_toan10_03
q_tsa_58,TSA,Toán 12,Xác suất,"Quy tắc đếm, Tổ hợp & Xác suất cổ điển",skill_probability;skill_reasoning;skill_data_analysis,Dễ,M2,60,single_choice,Một người có 3 chiếc áo sơ mi khác màu và 4 chiếc quần âu khác màu. Số cách phối 1 bộ trang phục (gồm 1 áo và 1 quần) là:,12 cách,7 cách,14 cách,24 cách,A,Theo quy tắc nhân: 3 × 4 = 12 cách phối đồ.,official,Đề thi TSA Bách Khoa,CC BY-NC-SA 4.0,kb_toan10_05
q_tsa_59,TSA,Toán 12,Đại số,Cực trị & Tính đơn điệu hàm số,skill_calculation;skill_reasoning,Dễ,M2,60,single_choice,Cho hai tập hợp \(A = (-\infty; 3]\) và \(B = [1; 5)\). Tập hợp \(A \cap B\) là:,\([1; 3]\),\((-\infty; 5)\),\((1; 3)\),\([1; 3)\),A,Giao của hai tập hợp: các số x thỏa mãn x ≤ 3 và 1 ≤ x < 5 => 1 ≤ x ≤ 3 => [1; 3].,official,Đề thi TSA Bách Khoa,CC BY-NC-SA 4.0,kb_toan10_01
q_tsa_60,TSA,Toán 12,Đại số,Cực trị & Tính đơn điệu hàm số,skill_calculation;skill_reasoning,Khó,M4,120,single_choice,"Trong một mạng xã hội nội bộ gồm 6 thành viên, mỗi cặp thành viên hoặc quen nhau hoặc không quen nhau. Theo định lý Ramsey, trong nhóm này luôn có ít nhất bao nhiêu người đôi một quen nhau hoặc đôi một không quen nhau?",3 người,4 người,2 người,5 người,A,"Định lý Ramsey R(3, 3) = 6: Trong bất kỳ nhóm 6 người nào, luôn tồn tại ít nhất 3 người đôi một quen nhau hoặc đôi một không quen nhau.",adapted,Tư duy Logic Toán rời rạc TSA,CC BY-NC-SA 4.0,kb_toan10_01
q_hsa_46,HSA,Toán 12,Hình học,Cực trị & Tính đơn điệu hàm số,skill_spatial;skill_reasoning,Dễ,M2,60,single_choice,"Cho tam giác ABC có ba cạnh \(a = 5, b = 6, c = 7\). Diện tích của tam giác ABC theo công thức Heron bằng:",\(6\sqrt{6}\),\(12\sqrt{3}\),\(18\),\(8\sqrt{5}\),A,Nửa chu vi p = (5 + 6 + 7) / 2 = 9.<br>Heron: S = √[9(9 - 5)(9 - 6)(9 - 7)] = √[9 · 4 · 3 · 2] = √216 = 6√6.,official,Đề thi ĐGNL ĐHQGHN,CC BY-NC-SA 4.0,kb_toan10_04
q_hsa_47,HSA,Toán 12,Giải tích,Đường tiệm cận của đồ thị hàm số,skill_calculation;skill_reasoning,Dễ,M2,60,single_choice,Đồ thị hàm số \(y = \frac{2x + 1}{x - 3}\) có tâm đối xứng là điểm nào?,"\(I(3, 2)\)","\(I(-3, 2)\)","\(I(3, -2)\)","\(I(2, 3)\)",A,"Tâm đối xứng của đồ thị hàm phân thức bậc nhất là giao điểm của 2 đường tiệm cận: tiệm cận đứng x = 3, tiệm cận ngang y = 2 => I(3, 2).",official,Đề thi ĐGNL ĐHQGHN,CC BY-NC-SA 4.0,kb_toan12_01
q_hsa_48,HSA,Toán 12,Hình học,Phương trình Mặt phẳng & Đường thẳng Oxyz,skill_spatial;skill_reasoning,Dễ,M2,60,single_choice,"Trong mặt phẳng Oxy, phương trình đường tròn có tâm \(I(1, -2)\) và đi qua điểm \(A(4, 2)\) là:",\((x - 1)^2 + (y + 2)^2 = 25\),\((x - 1)^2 + (y + 2)^2 = 5\),\((x + 1)^2 + (y - 2)^2 = 25\),\((x - 1)^2 + (y + 2)^2 = 16\),A,Bán kính R = IA = √[(4 - 1)² + (2 - (-2))²] = √[3² + 4²] = 5.<br>Phương trình đường tròn: (x - 1)² + (y + 2)² = 25.,official,Đề thi ĐGNL ĐHQGHN,CC BY-NC-SA 4.0,kb_toan10_04
q_hsa_49,HSA,Toán 12,Đại số,"Phương trình, Bất phương trình Mũ & Logarit",skill_calculation;skill_reasoning,Trung bình,M3,90,single_choice,Tập nghiệm của bất phương trình \(\log_2(x^2 - 3x) \le 2\) là:,\([-1; 0) \cup (3; 4]\),\([-1; 4]\),\((0; 3)\),\((-\infty; -1] \cup [4; +\infty)\),A,Điều kiện: x² - 3x > 0 ⇔ x < 0 hoặc x > 3.<br>Bất phương trình: x² - 3x ≤ 2² = 4 ⇔ x² - 3x - 4 ≤ 0 ⇔ -1 ≤ x ≤ 4.<br>Kết hợp điều kiện: x ∈ [-1; 0) ∪ (3; 4].,official,Đề thi ĐGNL ĐHQGHN,CC BY-NC-SA 4.0,kb_toan12_02
q_hsa_50,HSA,Toán 12,Hình học,Cực trị & Tính đơn điệu hàm số,skill_spatial;skill_reasoning,Dễ,M2,60,single_choice,Tính diện tích toàn phần của hình lập phương có cạnh bằng \(3\text{ cm}\).,54 cm²,27 cm²,36 cm²,18 cm²,A,Hình lập phương có 6 mặt hình vuông: S_tp = 6 · a² = 6 · 3² = 54 cm².,official,Đề thi ĐGNL ĐHQGHN,CC BY-NC-SA 4.0,kb_toan12_04
q_thpt_36,THPT,Toán 12,Giải tích,Nguyên hàm & Tích phân đa phương pháp,skill_calculation;skill_reasoning,Dễ,M2,60,single_choice,Cho hàm số \(y = f(x)\) liên tục trên \(\mathbb{R}\) và có \(\int_0^2 f(x)dx = 6\). Tính \(I = \int_0^1 f(2x)dx\).,3,12,6,2,A,Đổi biến số: đặt t = 2x => dt = 2dx => dx = dt / 2.<br>Đổi cận: x = 0 => t = 0; x = 1 => t = 2.<br>I = ∫₀² f(t) (dt / 2) = (1/2) ∫₀² f(t)dt = (1/2) · 6 = 3.,adapted,Đề thi Tốt nghiệp THPT,CC BY-NC-SA 4.0,kb_toan12_03
q_thpt_37,THPT,Toán 12,Hình học,Phương trình Mặt phẳng & Đường thẳng Oxyz,skill_spatial;skill_reasoning,Dễ,M2,60,single_choice,"Trong không gian Oxyz, cho mặt phẳng \((P): 2x - y + 2z - 9 = 0\) và điểm \(M(1, -1, 3)\). Khoảng cách từ M đến (P) bằng:",0,2,3,1,A,"Thay tọa độ M vào vế trái của phương trình (P): 2(1) - (-1) + 2(3) - 9 = 2 + 1 + 6 - 9 = 0.<br>Do đó điểm M thuộc mặt phẳng (P), khoảng cách từ M đến (P) bằng 0.",adapted,Đề thi Tốt nghiệp THPT,CC BY-NC-SA 4.0,kb_toan12_04
q_thpt_38,THPT,Toán 12,Đại số,Cực trị & Tính đơn điệu hàm số,skill_calculation;skill_reasoning,Dễ,M2,60,single_choice,Số nghiệm thực của phương trình \(x^4 - 2x^2 - 3 = 0\) là:,2,4,0,1,A,Đặt t = x² (t ≥ 0). Phương trình: t² - 2t - 3 = 0 ⇔ t = -1 (loại) hoặc t = 3 (nhận).<br>Với t = 3 => x² = 3 ⇔ x = ±√3. Phương trình có đúng 2 nghiệm thực.,adapted,Đề thi Tốt nghiệp THPT,CC BY-NC-SA 4.0,kb_toan10_03
q_thpt_39,THPT,Toán 12,Hình học,Phương trình Mặt phẳng & Đường thẳng Oxyz,skill_spatial;skill_reasoning,Dễ,M2,60,single_choice,"Trong không gian Oxyz, một vectơ chỉ phương của đường thẳng \(d: \frac{x - 3}{1} = \frac{y + 1}{-2} = \frac{z}{4}\) là:","\(\vec{u} = (1, -2, 4)\)","\(\vec{u} = (3, -1, 0)\)","\(\vec{u} = (-1, -2, 4)\)","\(\vec{u} = (1, 2, 4)\)",A,"Các mẫu số của phương trình chính tắc là tọa độ vectơ chỉ phương: u = (1, -2, 4).",adapted,Đề thi Tốt nghiệp THPT,CC BY-NC-SA 4.0,kb_toan12_04
q_thpt_40,THPT,Toán 12,Đại số,"Phương trình, Bất phương trình Mũ & Logarit",skill_calculation;skill_reasoning,Dễ,M2,60,single_choice,Tập nghiệm của bất phương trình \(2^{x} > 8\) là:,\((3; +\infty)\),\([3; +\infty)\),\((-\infty; 3)\),\((0; 3)\),A,Vì cơ số 2 > 1: 2^x > 2³ ⇔ x > 3. Tập nghiệm: (3; +∞).,adapted,Đề thi Tốt nghiệp THPT,CC BY-NC-SA 4.0,kb_toan12_02
q_tsa_tf_02,TSA,Toán 12,Xác suất & Mô hình ngẫu nhiên,"Quy tắc đếm, Tổ hợp & Xác suất cổ điển",skill_reasoning;skill_calculation,Khó,M3,140,true_false_group,"Một mô hình thời tiết tại một khu nghỉ dưỡng gồm 2 trạng thái: Nắng (S) và Mưa (R). Nếu hôm nay Nắng, xác suất ngày mai Nắng là 0,7 và Mưa là 0,3. Nếu hôm nay Mưa, xác suất ngày mai Nắng là 0,4 và Mưa là 0,6. Ma trận chuyển trạng thái một bước là \(P = \begin{pmatrix} 0{,}7 & 0{,}3 \\ 0{,}4 & 0{,}6 \end{pmatrix}\). Xét tính đúng/sai của các mệnh đề sau:",,,,,,"a) Đúng: \(P^2 = \begin{pmatrix} 0{,}7 & 0{,}3 \\ 0{,}4 & 0{,}6 \end{pmatrix} \begin{pmatrix} 0{,}7 & 0{,}3 \\ 0{,}4 & 0{,}6 \end{pmatrix} = \begin{pmatrix} 0{,}49 + 0{,}12 & 0{,}21 + 0{,}18 \\ 0{,}28 + 0{,}24 & 0{,}12 + 0{,}36 \end{pmatrix} = \begin{pmatrix} 0{,}61 & 0{,}39 \\ 0{,}52 & 0{,}48 \end{pmatrix}\).<br>b) Đúng: Từ thứ Hai đến thứ Tư là 2 bước chuyển, phần tử dòng 1 cột 1 của \(P^2\) là 0,61 = 61%.<br>c) Đúng: Hệ phương trình phân phối dừng \(\pi P = \pi \Rightarrow 0{,}7\pi_S + 0{,}4\pi_R = \pi_S \Leftrightarrow 0{,}3\pi_S = 0{,}4\pi_R \Leftrightarrow \pi_S = \frac{4}{3}\pi_R\). Với \(\pi_S + \pi_R = 1 \Rightarrow \frac{7}{3}\pi_R = 1 \Rightarrow \pi_R = \frac{3}{7}, \pi_S = \frac{4}{7}\).<br>d) Sai: Tỷ lệ ngày mưa là \(\frac{3}{7} \approx 42{,}86\%\), thấp hơn tỷ lệ ngày nắng \(\frac{4}{7} \approx 57{,}14\%\).",official,Đề thi TSA Đại học Bách Khoa Hà Nội,CC BY-NC-SA 4.0,kb_toan12_05
q_tsa_tf_03,TSA,Toán 12,Giải tích,GTLN - GTNN & Tối ưu hóa thực tế,skill_calculation;skill_optimization,Trung bình,M3,120,true_false_group,Một xưởng cơ khí sản xuất \(x\) sản phẩm (\(x > 0\)) với chi phí sản xuất trung bình cho mỗi sản phẩm (triệu đồng) là \(C(x) = \frac{x}{2} + \frac{50}{x} + 5\). Giá bán cố định mỗi sản phẩm trên thị trường là 25 triệu đồng. Xét tính đúng/sai của các mệnh đề:,,,,,,"a) Đúng: Áp dụng AM-GM cho hai số dương: \(\frac{x}{2} + \frac{50}{x} \ge 2\sqrt{\frac{x}{2}\cdot\frac{50}{x}} = 10\). Dấu bằng xảy ra khi \(\frac{x}{2} = \frac{50}{x} \Leftrightarrow x^2 = 100 \Leftrightarrow x = 10\).<br>b) Đúng: Chi phí trung bình nhỏ nhất là \(C_{\min} = 10 + 5 = 15\) triệu đồng.<br>c) Đúng: Lợi nhuận \(P(x) = x \cdot (25 - C(x)) = 25x - \frac{x^2}{2} - 50 - 5x = 20x - \frac{x^2}{2} - 50\). Tại \(x = 10\): \(P(10) = 20(10) - 50 - 50 = 100\) triệu đồng.<br>d) Sai: Hàm lợi nhuận \(P(x) = -\frac{1}{2}x^2 + 20x - 50\) là parabol có đỉnh tại \(x = -\frac{20}{2(-1/2)} = 20\) sản phẩm, với lợi nhuận cực đại \(P(20) = 150\) triệu đồng.",official,Đề thi TSA Đại học Bách Khoa Hà Nội,CC BY-NC-SA 4.0,kb_toan12_01
q_tsa_tf_04,TSA,Toán 12,Hình học,Phương trình Mặt phẳng & Đường thẳng Oxyz,skill_spatial;skill_reasoning,Khá,M3,130,true_false_group,"Trong không gian tọa độ \(Oxyz\) (đơn vị: km), một trạm radar phát sóng đặt tại gốc tọa độ \(O(0;0;0)\). Một máy bay không người lái đang di chuyển theo đường bay thẳng có phương trình chính tắc \(d: \frac{x - 6}{2} = \frac{y + 3}{-1} = \frac{z - 4}{2}\). Xét tính đúng/sai của các mệnh đề:",,,,,,"a) Đúng: Tọa độ vectơ chỉ phương lấy từ các mẫu số chính tắc là \(\vec{u} = (2; -1; 2)\).<br>b) Đúng: Thay tọa độ \(M(6; -3; 4)\) vào phương trình ta được \(\frac{0}{2} = \frac{0}{-1} = \frac{0}{2} = 0\) (thỏa mãn).<br>c) Đúng: Lấy \(M(6; -3; 4)\) trên \(d\), ta có \(\vec{OM} = (6; -3; 4)\). Tích có hướng \([\vec{OM}, \vec{u}] = ((-3)(2) - 4(-1); 4(2) - 6(2); 6(-1) - (-3)(2)) = (-2; -4; 0)\). Khoảng cách \(d(O, d) = \frac{|[\vec{OM}, \vec{u}]|}{|\vec{u}|} = \frac{\sqrt{(-2)^2 + (-4)^2 + 0^2}}{\sqrt{2^2 + (-1)^2 + 2^2}} = \frac{\sqrt{20}}{3} \approx 1{,}49\text{ km} < 2\text{ km}\).<br>d) Sai: Vectơ pháp tuyến của \((P)\) là \(\vec{n}_P = (2; -1; 2) = \vec{u}\), do đó đường bay vuông góc với mặt phẳng \((P)\), không phải song song.",official,Đề thi TSA Đại học Bách Khoa Hà Nội,CC BY-NC-SA 4.0,kb_toan12_04
q_tsa_tf_05,TSA,Toán 12,Giải tích,Mô hình tăng trưởng hàm mũ & Lãi kép,skill_calculation;skill_reasoning,Trung bình,M2,110,true_false_group,"Trong điều kiện nuôi cấy tiêu chuẩn, số lượng cá thể của một chủng vi sinh vật tăng trưởng theo quy luật hàm mũ \(N(t) = N_0 \cdot e^{kt}\), trong đó \(t\) là thời gian nuôi cấy tính bằng giờ, \(N_0\) là số vi khuẩn ban đầu, \(k\) là hệ số tăng trưởng không đổi. Tại thời điểm bắt đầu có 1.000 cá thể, sau 2 giờ số lượng tăng lên thành 4.000 cá thể. Xét tính đúng/sai của các phát biểu:",,,,,,a) Đúng: \(N(0) = N_0 = 1000\).<br>b) Đúng: \(N(2) = 1000 e^{2k} = 4000 \Leftrightarrow e^{2k} = 4 = 2^2 \Leftrightarrow 2k = 2\ln 2 \Leftrightarrow k = \ln 2\).<br>c) Đúng: Chu kỳ nhân đôi \(t_d\) thỏa mãn \(e^{k t_d} = 2 \Leftrightarrow (\ln 2) t_d = \ln 2 \Leftrightarrow t_d = 1\) giờ.<br>d) Sai: Sau 5 giờ: \(N(5) = 1000 \cdot e^{5\ln 2} = 1000 \cdot 2^5 = 32000 < 50000\).,official,Đề thi TSA Đại học Bách Khoa Hà Nội,CC BY-NC-SA 4.0,kb_toan12_02
q_tsa_tf_06,TSA,Toán 12,Xác suất & Thống kê,"Quy tắc đếm, Tổ hợp & Xác suất cổ điển",skill_calculation;skill_reasoning,Khá,M3,130,true_false_group,"Một quỹ đầu tư phân tích tỷ suất sinh lời ròng hàng tháng \(X\) (đơn vị: triệu đồng) của một dự án mạo hiểm với bảng phân bố xác suất như sau: \(X = -20\) (xác suất 0,1); \(X = 0\) (xác suất 0,2); \(X = 10\) (xác suất 0,4); \(X = 30\) (xác suất 0,3). Xét tính đúng/sai của các nhận định:",,,,,,"a) Đúng: \(0{,}1 + 0{,}2 + 0{,}4 + 0{,}3 = 1{,}0\).<br>b) Đúng: \(E(X) = -20(0{,}1) + 0(0{,}2) + 10(0{,}4) + 30(0{,}3) = -2 + 0 + 4 + 9 = 11\) triệu đồng.<br>c) Đúng: Dự án không lỗ tương ứng với \(X \ge 0\), gồm các trường hợp \(X = 0, 10, 30\). Xác suất là \(P(X \ge 0) = 0{,}2 + 0{,}4 + 0{,}3 = 0{,}9 = 90\%\).<br>d) Sai: \(E(X^2) = (-20)^2(0{,}1) + 0^2(0{,}2) + 10^2(0{,}4) + 30^2(0{,}3) = 40 + 0 + 40 + 270 = 350\). Phương sai \(V(X) = E(X^2) - [E(X)]^2 = 350 - 11^2 = 350 - 121 = 229\). Độ lệch chuẩn \(\sigma(X) = \sqrt{229} \approx 15{,}13 > 10\) triệu đồng.",official,Đề thi TSA Đại học Bách Khoa Hà Nội,CC BY-NC-SA 4.0,kb_toan12_05
q_tsa_tf_07,TSA,Toán 12,Đại số tuyến tính,Cực trị & Tính đơn điệu hàm số,skill_reasoning;skill_calculation,Khó,M3,135,true_false_group,"Cho hệ phương trình ba ẩn số \(x, y, z\) phụ thuộc tham số thực \(m\): \(\begin{cases} x + y + z = 1 \\ 2x + 3y + z = 2 \\ 3x + 4y + m z = 3 \end{cases}\). Ký hiệu \(D\) là định thức của ma trận hệ số. Xét tính đúng/sai của các mệnh đề:",,,,,,"a) Đúng: \(D = \begin{vmatrix} 1 & 1 & 1 \\ 2 & 3 & 1 \\ 3 & 4 & m \end{vmatrix}\). Lấy dòng 3 trừ (dòng 1 + dòng 2) được dòng 3 là \((0, 0, m-2)\), do đó \(D = 1 \cdot (3 - 2) \cdot (m - 2) = m - 2\).<br>b) Đúng: Khi \(m \ne 2 \Rightarrow D \ne 0\), theo quy tắc Cramer hệ có nghiệm duy nhất.<br>c) Đúng: Khi \(m = 2\), phương trình thứ ba trở thành \(3x + 4y + 2z = 3\), chính bằng tổng của phương trình (1) và phương trình (2). Do đó hệ tương đương hệ 2 phương trình độc lập, suy ra hệ có vô số nghiệm phụ thuộc vào tham số \(z\).<br>d) Sai: Hệ có vô số nghiệm với dạng tổng quát \(x = 1 - 2z, y = z, z \in \mathbb{R}\). Ví dụ với \(z = 1\) thì \((-1; 1; 1)\) cũng là nghiệm.",official,Đề thi TSA Đại học Bách Khoa Hà Nội,CC BY-NC-SA 4.0,kb_toan12_03
q_tsa_tf_08,TSA,Toán 12,Giải tích,Diện tích hình phẳng & Thể tích khối tròn xoay,skill_calculation;skill_reasoning,Khá,M3,125,true_false_group,"Cho hình phẳng \((H)\) giới hạn bởi đồ thị hàm số \(y = \sqrt{x}\), trục hoành \(Ox\) và đường thẳng \(x = 4\). Xét tính đúng/sai của các khẳng định sau:",,,,,,"a) Đúng: \(S = \int_0^4 \sqrt{x}\,dx = \left[\frac{2}{3}x^{3/2}\right]_0^4 = \frac{2}{3} \cdot 8 = \frac{16}{3}\).<br>b) Đúng: Công thức tròn xoay quanh Ox là \(V = \pi \int_a^b [f(x)]^2 dx = \pi \int_0^4 (\sqrt{x})^2 dx = \pi \int_0^4 x\,dx\).<br>c) Đúng: \(V_{Ox} = \pi \left[\frac{x^2}{2}\right]_0^4 = \pi \cdot \frac{16}{2} = 8\pi\).<br>d) Sai: Khi quay quanh Oy, ta chia thành hình trụ bán kính đáy \(R = 4\), chiều cao \(h = 2\) trừ đi phần rỗng xoay quanh Oy của \(x = y^2\): \(V_{Oy} = \pi \cdot 4^2 \cdot 2 - \pi \int_0^2 (y^2)^2 dy = 32\pi - \pi \left[\frac{y^5}{5}\right]_0^2 = 32\pi - \frac{32\pi}{5} = \frac{128\pi}{5} = 25{,}6\pi > 8\pi\).",official,Đề thi TSA Đại học Bách Khoa Hà Nội,CC BY-NC-SA 4.0,kb_toan12_01
q_tsa_dd_01,TSA,Toán 12,Giải tích,Đường tiệm cận của đồ thị hàm số,skill_reasoning;skill_calculation,Trung bình,M3,120,drag_drop,Kéo thả các biểu thức hoặc giá trị thích hợp vào chỗ trống để hoàn thiện bảng biến thiên và các tính chất của đồ thị hàm phân thức hữu tỉ \(y = \frac{2x - 1}{x + 1}\):,,,,,,"1. Tiệm cận đứng: Nghiệm của mẫu số \(x + 1 = 0 \Leftrightarrow x = -1\).<br>2. Tiệm cận ngang: Giới hạn vô cực \(\lim_{x \to \pm\infty} \frac{2x-1}{x+1} = 2 \Rightarrow y = 2\).<br>3. Đạo hàm: \(y' = \frac{2(1) - (-1)(1)}{(x+1)^2} = \frac{3}{(x+1)^2} > 0, \; \forall x \ne -1\).<br>4. Chiều biến thiên: Vì \(y' > 0\) trên từng khoảng nên hàm số đồng biến trên \((-\infty; -1)\) và \((-1; +\infty)\).",official,Đề thi TSA Đại học Bách Khoa Hà Nội,CC BY-NC-SA 4.0,kb_toan12_01
q_tsa_dd_02,TSA,Toán 12,Quy hoạch tuyến tính,GTLN - GTNN & Tối ưu hóa thực tế,skill_optimization;skill_calculation,Khá,M3,130,drag_drop,Kéo thả các điều kiện ràng buộc và kết quả tối ưu vào chỗ trống để hoàn thành bài toán quy hoạch tuyến tính sau:,,,,,,"1. Ràng buộc thép: Mỗi A tốn 2kg, mỗi B tốn 1kg, tổng \(\le 100 \Rightarrow 2x + y \le 100\).<br>2. Ràng buộc giờ công: Mỗi A tốn 1h, mỗi B tốn 3h, tổng \(\le 180 \Rightarrow x + 3y \le 180\).<br>3. Tọa độ giao điểm 2 đường biên: Giải hệ \(\begin{cases} 2x + y = 100 \\ x + 3y = 180 \end{cases} \Rightarrow x = 24, y = 52\). Tọa độ đỉnh là \((24; 52)\).<br>4. Tổng sản phẩm: \(x + y = 24 + 52 = 76\).",official,Đề thi TSA Đại học Bách Khoa Hà Nội,CC BY-NC-SA 4.0,kb_toan12_03
q_tsa_dd_03,TSA,Toán 12,Hình học,Mặt cầu & Khoảng cách trong Oxyz,skill_spatial;skill_calculation,Trung bình,M2,115,drag_drop,Kéo thả các thông số và nhận định chính xác vào chỗ trống để phân tích vị trí tương đối giữa mặt cầu và mặt phẳng:,,,,,,"1. Tâm mặt cầu \(I(a; b; c)\) từ phương trình \((x-1)^2+(y+2)^2+(z-3)^2=25 \Rightarrow I(1; -2; 3)\).<br>2. Bán kính \(R = \sqrt{25} = 5\).<br>3. Khoảng cách: \(d(I, (P)) = \frac{|2(1) - 2(-2) + 3 + 2|}{\sqrt{2^2 + (-2)^2 + 1^2}} = \frac{|2 + 4 + 3 + 2|}{3} = \frac{11}{3} \approx 3{,}67\).<br>4. Vị trí tương đối: Vì \(d(I, (P)) = \frac{11}{3} < 5 = R\), nên mặt phẳng \((P)\) cắt mặt cầu \((S)\) theo một thiết diện là đường tròn.",official,Đề thi TSA Đại học Bách Khoa Hà Nội,CC BY-NC-SA 4.0,kb_toan12_04
q_tsa_dd_04,TSA,Toán 12,Giải tích,Mô hình tăng trưởng hàm mũ & Lãi kép,skill_calculation;skill_reasoning,Khá,M3,120,drag_drop,Kéo thả các công thức và giá trị chính xác vào chỗ trống để hoàn thành bài toán tính toán tài chính tích lũy:,,,,,,"1. Công thức lãi kép: \(T_n = A(1 + r)^n = 50 \cdot (1 + 0{,}06)^n = 50 \cdot (1{,}06)^n\).<br>2. Sau 3 năm: \(T_3 = 50 \cdot (1{,}06)^3 = 50 \cdot 1{,}191016 = 59{,}5508 \approx 59{,}551\) triệu đồng.<br>3. Điều kiện gấp đôi vốn: \(50 \cdot (1{,}06)^n \ge 100 \Leftrightarrow (1{,}06)^n \ge 2\).<br>4. Số năm tối thiểu: \(n \ge \frac{\ln 2}{\ln 1{,}06} \approx \frac{0{,}69315}{0{,}05827} \approx 11{,}89\). Do \(n\) nguyên dương nên cần gửi ít nhất 12 năm.",official,Đề thi TSA Đại học Bách Khoa Hà Nội,CC BY-NC-SA 4.0,kb_toan12_02
q_tsa_sa_02,TSA,Toán 12,Hình học,Thể tích khối đa diện & Khối tròn xoay,skill_spatial;skill_calculation,Trung bình,M2,75,short_answer,"Một phễu chứa nước có dạng hình nón tròn xoay đặt thẳng đứng với đỉnh hướng xuống dưới, bán kính miệng phễu là \(R = 6\text{ cm}\) và chiều cao phễu là \(H = 12\text{ cm}\). Người ta đổ nước vào phễu đến khi chiều cao cột nước đạt \(h = 6\text{ cm}\). Tính thể tích lượng nước trong phễu theo đơn vị \(\pi\text{ cm}^3\) (chỉ điền hệ số nguyên đứng trước \(\pi\)).",,,,,,"Mặt cắt phễu qua trục là tam giác cân. Khi cột nước cao \(h = 6\text{ cm}\), theo định lý Thales bán kính mặt thoáng của nước là \(r = R \cdot \frac{h}{H} = 6 \cdot \frac{6}{12} = 3\text{ cm}\). Thể tích khối nước là hình nón: \(V = \frac{1}{3} \pi r^2 h = \frac{1}{3} \pi (3)^2 (6) = 18\pi\text{ cm}^3\). Hệ số nguyên đứng trước \(\pi\) là 18.",official,Đề thi TSA Đại học Bách Khoa Hà Nội,CC BY-NC-SA 4.0,kb_toan12_04
q_tsa_sa_03,TSA,Toán 12,Giải tích,GTLN - GTNN & Tối ưu hóa thực tế,skill_calculation;skill_optimization,Dễ,M2,60,short_answer,Tìm giá trị lớn nhất của hàm số \(f(x) = -x^3 + 3x^2 + 9x + 2\) trên đoạn \([0; 4]\).,,,,,,Đạo hàm: \(f'(x) = -3x^2 + 6x + 9 = -3(x^2 - 2x - 3) = -3(x - 3)(x + 1)\). Cho \(f'(x) = 0 \Leftrightarrow x = 3 \in [0; 4]\) (nghiệm \(x = -1\) loại vì ngoài đoạn). Tính các giá trị: \(f(0) = 2\); \(f(3) = -(3)^3 + 3(3)^2 + 9(3) + 2 = -27 + 27 + 27 + 2 = 29\); \(f(4) = -(4)^3 + 3(4)^2 + 9(4) + 2 = -64 + 48 + 36 + 2 = 22\). Do đó giá trị lớn nhất của hàm số trên đoạn \([0; 4]\) là 29.,official,Đề thi TSA Đại học Bách Khoa Hà Nội,CC BY-NC-SA 4.0,kb_toan12_01
q_tsa_sa_04,TSA,Toán 12,Hình học,Mặt cầu & Khoảng cách trong Oxyz,skill_spatial;skill_calculation,Dễ,M2,60,short_answer,"Trong không gian tọa độ \(Oxyz\), cho hai mặt phẳng song song \((P): 2x - y + 2z - 5 = 0\) và \((Q): 2x - y + 2z + 7 = 0\). Tính khoảng cách giữa hai mặt phẳng \((P)\) và \((Q)\).",,,,,,"Hai mặt phẳng \((P)\) và \((Q)\) có cùng vectơ pháp tuyến \(\vec{n} = (2; -1; 2)\). Khoảng cách giữa hai mặt phẳng song song được tính theo công thức: \(d((P), (Q)) = \frac{|D_2 - D_1|}{\sqrt{A^2 + B^2 + C^2}} = \frac{|7 - (-5)|}{\sqrt{2^2 + (-1)^2 + 2^2}} = \frac{12}{\sqrt{4 + 1 + 4}} = \frac{12}{3} = 4\).",official,Đề thi TSA Đại học Bách Khoa Hà Nội,CC BY-NC-SA 4.0,kb_toan12_04
q_ultra_tf_01,TSA,Toán 12,Xác suất & Mô hình ngẫu nhiên,GTLN - GTNN & Tối ưu hóa thực tế,skill_reasoning;skill_calculation;skill_optimization,Rất khó,M4,300,true_false_group,"Một hệ thống máy chủ xử lý dữ liệu lớn hoạt động theo chu kỳ thời gian rời rạc với 3 trạng thái: \(S_1\) (Ổn định), \(S_2\) (Quá tải), \(S_3\) (Gián đoạn dịch vụ). Sự chuyển dịch giữa các trạng thái tuân theo ma trận xác suất chuyển động phụ thuộc tham số tải \(x \in \left(0; \frac{1}{2}\right)\):<br>\[ P(x) = \begin{pmatrix} 1 - 2x & x & x \\ x & 1 - 2x & x \\ 2x & 0 & 1 - 2x \end{pmatrix} \]<br>Xét tính đúng/sai của các mệnh đề sau:",,,,,,"<h4>💡 1. BẢN CHẤT TOÁN HỌC & Ý NIỆM GỐC (MATHEMATICAL ESSENCE)</h4>Bài toán là sự giao thoa đỉnh cao giữa <strong>Đại số tuyến tính ma trận ngẫu nhiên (Stochastic Matrices)</strong>, <strong>Xác suất ergodic (Stationary Distribution)</strong> và <strong>Giải tích cực trị hàm số (Calculus Optimization)</strong>.<br>Điểm độc đáo ở đây là ma trận phụ thuộc vào tham số động \(x\), nhưng cấu trúc đối xứng suy biến khiến vectơ riêng ứng với trị riêng \(\lambda = 1\) (phân phối dừng) triệt tiêu hoàn toàn tham số \(x\). Trong khi đó, các bước chuyển hữu hạn lại biểu diễn dưới dạng các tam thức bậc hai biến thiên theo \(x\), tạo ra các bài toán cực trị vi phân.<br><br><h4>🧭 2. HƯỚNG DẪN TƯ DUY & CHIẾN LƯỢC TIẾP CẬN (META-HEURISTIC)</h4><ul><li><strong>Dấu hiệu nhận biết:</strong> Một bài toán xích Markov chứa tham số biến thiên \(x\). Khi gặp câu hỏi về 'dài hạn / lâu dài' (long-run), ta lập tức nghĩ đến vectơ dừng \(\pi P = \pi\). Khi gặp câu hỏi về 'sau k chu kỳ', ta lập tức nghĩ đến lũy thừa ma trận \(P^k\).</li><li><strong>Chiến lược xử lý phân phối dừng:</strong> Phương trình \(\pi(P - I) = 0\) kết hợp \(\sum \pi_i = 1\). Vì mọi phần tử trong \(P - I\) đều chứa thừa số chung \(x > 0\), ta triệt tiêu được \(x\), chứng minh tính độc lập của \(\pi\).</li><li><strong>Chiến lược chuyển trạng thái sau 2 bước:</strong> Xác suất chuyển từ trạng thái \(i\) sang \(j\) sau 2 bước là phần tử \(P_{ij}^{(2)}\) của ma trận \(P^2\), tính bằng tích vô hướng dòng \(i\) với cột \(j\) của \(P\). Hàm thu được là tam thức bậc hai, ta dùng đạo hàm hoặc đỉnh parabol để tìm cực trị.</li></ul><br><h4>📐 3. LỜI GIẢI CHI TIẾT TỪNG BƯỚC (STEP-BY-STEP DERIVATION)</h4><strong>Xét Mệnh đề a:</strong><br>Vectơ phân phối dừng \(\pi = (\pi_1, \pi_2, \pi_3)\) thỏa mãn hệ:<br>\[ \begin{cases} \pi P = \pi \\ \pi_1 + \pi_2 + \pi_3 = 1 \end{cases} \Leftrightarrow \begin{cases} (1-2x)\pi_1 + x\pi_2 + 2x\pi_3 = \pi_1 \\ x\pi_1 + (1-2x)\pi_2 = \pi_2 \\ x\pi_1 + x\pi_2 + (1-2x)\pi_3 = \pi_3 \\ \pi_1 + \pi_2 + \pi_3 = 1 \end{cases} \]<br>Rút gọn từng phương trình bằng cách chia cho \(x > 0\):<br>Từ phương trình thứ hai: \(x\pi_1 - 2x\pi_2 = 0 \Rightarrow \pi_1 = 2\pi_2\).<br>Thay vào phương trình thứ nhất: \(-2x(2\pi_2) + x\pi_2 + 2x\pi_3 = 0 \Rightarrow -3\pi_2 + 2\pi_3 = 0 \Rightarrow \pi_3 = \frac{3}{2}\pi_2\).<br>Thay vào điều kiện chuẩn hóa xác suất:<br>\[ 2\pi_2 + \pi_2 + \frac{3}{2}\pi_2 = 1 \Leftrightarrow \frac{9}{2}\pi_2 = 1 \Rightarrow \pi_2 = \frac{2}{9} \]<br>Suy ra: \(\pi_1 = \frac{4}{9}\), \(\pi_3 = \frac{3}{9} = \frac{1}{3}\).<br>Do đó phân phối dừng là \(\pi = \left(\frac{4}{9}; \frac{2}{9}; \frac{1}{3}\right)\), hoàn toàn không chứa \(x\). <strong>Mệnh đề a ĐÚNG.</strong><br><br><strong>Xét Mệnh đề b:</strong><br>Ta có \(\pi_1 = \frac{4}{9}\). Tổng xác suất quá tải và gián đoạn là \(\pi_2 + \pi_3 = \frac{2}{9} + \frac{1}{3} = \frac{5}{9}\).<br>Vì \(\frac{4}{9} < \frac{5}{9}\) nên xác suất ổn định nhỏ hơn tổng xác suất 2 trạng thái còn lại. <strong>Mệnh đề b SAI.</strong><br><br><strong>Xét Mệnh đề c:</strong><br>Xác suất từ \(S_2\) sang \(S_3\) sau 2 bước là phần tử ở dòng 2, cột 3 của ma trận \(P^2\):<br>\[ P_{23}^{(2)} = P_{21}P_{13} + P_{22}P_{23} + P_{23}P_{33} = x(x) + (1-2x)x + x(1-2x) = x^2 + 2x(1-2x) = 2x - 3x^2 \]<br>Xét hàm số \(g(x) = -3x^2 + 2x\) trên \(\left(0; \frac{1}{2}\right)\).<br>Đạo hàm \(g'(x) = -6x + 2 = 0 \Leftrightarrow x = \frac{1}{3} \in \left(0; \frac{1}{2}\right)\).<br>Giá trị lớn nhất: \(g\left(\frac{1}{3}\right) = 2\left(\frac{1}{3}\right) - 3\left(\frac{1}{9}\right) = \frac{2}{3} - \frac{1}{3} = \frac{1}{3}\). <strong>Mệnh đề c ĐÚNG.</strong><br><br><strong>Xét Mệnh đề d:</strong><br>Xác suất từ \(S_1\) giữ nguyên \(S_1\) sau 2 bước là phần tử dòng 1, cột 1 của \(P^2\):<br>\[ P_{11}^{(2)} = P_{11}^2 + P_{12}P_{21} + P_{13}P_{31} = (1-2x)^2 + x(x) + x(2x) = 1 - 4x + 4x^2 + x^2 + 2x^2 = 7x^2 - 4x + 1 \]<br>Hàm bậc hai có đỉnh tại \(x = -\frac{-4}{2 \times 7} = \frac{2}{7} \approx 0{,}2857\).<br>Vì \(0 < \frac{2}{7} < \frac{1}{2}\) nên hàm số đạt cực tiểu tại điểm \(x = \frac{2}{7}\) nằm trong khoảng đang xét. Mệnh đề nói không có cực trị là sai. <strong>Mệnh đề d SAI.</strong><br><br><h4>⚠️ 4. BẪY TƯ DUY & SAI LẦM THƯỜNG GẶP (COGNITIVE TRAPS)</h4><ul><li>Bẫy 1: Nghĩ rằng ma trận chứa biến \(x\) thì phân phối dừng bắt buộc phải chứa biến \(x\), dẫn đến việc tính toán phức tạp hóa không cần thiết.</li><li>Bẫy 2: Nhầm lẫn dòng và cột khi nhân ma trận xác suất chuyển trạng thái (nhớ quy tắc: \(P_{ij}^{(2)} = \sum_k P_{ik}P_{kj}\)).</li><li>Bẫy 3: Quên đối chiếu nghiệm cực trị của tam thức bậc hai với tập xác định \(x \in \left(0; \frac{1}{2}\right)\).</li></ul>",original,Ngân hàng đề thi Đột phá PUMKIN.DEV (Tạo đề tự chọn Siêu khó),CC BY-NC-SA 4.0,kb_toan12_05
q_ultra_sa_01,TSA,Toán 12,Giải tích,GTLN - GTNN & Tối ưu hóa thực tế,skill_calculation;skill_reasoning;skill_optimization,Rất khó,M4,360,short_answer,"Cho hàm số \(f(x)\) có đạo hàm liên tục và không âm trên đoạn \([0; 1]\), thỏa mãn điều kiện biên và tích phân bình phương đạo hàm:<br>\[ f(0) = 0 \quad \text{và} \quad \int_0^1 [f'(x)]^2 \,dx \le 3 \]<br>Biết rằng diện tích \(S\) của hình phẳng giới hạn bởi đồ thị hàm số \(y = f(x)\), trục hoành \(Ox\) và hai đường thẳng \(x = 0\), \(x = 1\) đạt giá trị lớn nhất có thể. Khi đó, thể tích của khối tròn xoay tạo thành khi quay hình phẳng đó quanh trục hoành \(Ox\) có giá trị bằng \(k \pi\) (với \(k\) là một số thực). Hãy nhập giá trị của \(k\) (viết dưới dạng số thập phân hoặc phân số tối giản):",,,,,,"<h4>💡 1. BẢN CHẤT TOÁN HỌC & Ý NIỆM GỐC (MATHEMATICAL ESSENCE)</h4>Bài toán là sự kết hợp tinh hoa giữa <strong>Tích phân từng phần (Integration by parts)</strong>, <strong>Bất đẳng thức tích phân Cauchy-Schwarz (Buniakowsky-Schwarz inequality for integrals)</strong>, và <strong>Ứng dụng tích phân tính thể tích vật thể tròn xoay</strong>.<br>Thay vì cho trước biểu thức giải tích của hàm số \(f(x)\), bài toán chỉ cho ràng buộc vi phân năng lượng \(\int_0^1 [f'(x)]^2 dx \le 3\) và yêu cầu tối đa hóa phiếm hàm diện tích. Đây là mô hình bài toán biến phân (Calculus of Variations) thu nhỏ ở bậc THPT/Đại học.<br><br><h4>🧭 2. HƯỚNG DẪN TƯ DUY & CHIẾN LƯỢC TIẾP CẬN (META-HEURISTIC)</h4><ul><li><strong>Dấu hiệu nhận biết:</strong> Khi gặp một điều kiện chứa \(\int [f'(x)]^2 dx\) kết hợp với một tích phân chứa \(f(x)\), đây là dấu hiệu 100% của <em>Bất đẳng thức Cauchy-Schwarz dạng tích phân</em>: \(\left(\int u(x)v(x)dx\right)^2 \le \int u^2(x)dx \cdot \int v^2(x)dx\).</li><li><strong>Bước chuyển then chốt (Bridging Step):</strong> Diện tích \(S = \int_0^1 f(x)dx\) đang chứa \(f(x)\), trong khi giả thiết lại chứa \(f'(x)\). Làm sao để chuyển từ \(f(x)\) sang \(f'(x)\)?<br><em>Công cụ duy nhất: Tích phân từng phần!</em><br>Đặt \(u = f(x) \Rightarrow du = f'(x)dx\); chọn \(v = x - 1\) (để triệt tiêu giá trị tại cận trên \(x=1\) vì \(x - 1 = 0\)). Khi đó:<br>\[ \int_0^1 f(x)dx = \left[(x-1)f(x)\right]_0^1 - \int_0^1 (x-1)f'(x)dx = 0 - (-1)f(0) + \int_0^1 (1-x)f'(x)dx = \int_0^1 (1-x)f'(x)dx \]</li><li><strong>Thiết lập điểm rơi dấu bằng:</strong> Áp dụng BĐT Cauchy-Schwarz cho hai hàm \((1 - x)\) và \(f'(x)\). Dấu đẳng thức xảy ra khi \(f'(x) = k(1 - x)\). Từ đó giải ra hàm số cụ thể \(f(x)\) rồi tính tích phân thể tích tròn xoay.</li></ul><br><h4>📐 3. LỜI GIẢI CHI TIẾT TỪNG BƯỚC (STEP-BY-STEP DERIVATION)</h4><strong>Bước 1: Chuyển đổi tích phân diện tích</strong><br>Áp dụng tích phân từng phần với \(u = f(x)\), \(dv = dx\) (chọn \(v = x - 1\)):<br>\[ S = \int_0^1 f(x)\,dx = \left[ (x - 1)f(x) \right]_0^1 - \int_0^1 (x - 1)f'(x)\,dx \]<br>Tại cận \(x = 1\): \((1 - 1)f(1) = 0\).<br>Tại cận \(x = 0\): \((0 - 1)f(0) = -f(0) = 0\) (do giả thiết \(f(0) = 0\)).<br>Do đó:<br>\[ S = \int_0^1 (1 - x)f'(x)\,dx \]<br><br><strong>Bước 2: Đánh giá bằng Bất đẳng thức Cauchy-Schwarz dạng tích phân</strong><br>\[ S^2 = \left( \int_0^1 (1 - x)f'(x)\,dx \right)^2 \le \left( \int_0^1 (1 - x)^2\,dx \right) \cdot \left( \int_0^1 [f'(x)]^2\,dx \right) \]<br>Tính tích phân của hàm đa thức:<br>\[ \int_0^1 (1 - x)^2\,dx = \left[ -\frac{(1 - x)^3}{3} \right]_0^1 = 0 - \left(-\frac{1}{3}\right) = \frac{1}{3} \]<br>Kết hợp với giả thiết \(\int_0^1 [f'(x)]^2 dx \le 3\), ta có:<br>\[ S^2 \le \frac{1}{3} \cdot 3 = 1 \implies S \le 1 \]<br>Vậy diện tích lớn nhất có thể đạt được là \(S_{\max} = 1\).<br><br><strong>Bước 3: Xác định hàm số tối ưu \(f(x)\) tại dấu bằng</strong><br>Dấu bằng xảy ra khi và chỉ khi hai hàm số tỉ lệ với nhau:<br>\[ f'(x) = c(1 - x) \quad (c > 0) \]<br>Để \(\int_0^1 [f'(x)]^2 dx = 3\):<br>\[ \int_0^1 c^2 (1 - x)^2\,dx = c^2 \cdot \frac{1}{3} = 3 \implies c^2 = 9 \implies c = 3 \quad (\text{do } f'(x) \ge 0) \]<br>Vậy đạo hàm của hàm số tối ưu là \(f'(x) = 3(1 - x) = 3 - 3x\).<br>Tích phân tìm \(f(x)\) với điều kiện ban đầu \(f(0) = 0\):<br>\[ f(x) = \int_0^x (3 - 3t)\,dt = 3x - \frac{3}{2}x^2 \]<br><br><strong>Bước 4: Tính thể tích khối tròn xoay</strong><br>Thể tích khối tròn xoay khi quay hình phẳng quanh trục hoành \(Ox\) là:<br>\[ V = \pi \int_0^1 [f(x)]^2\,dx = \pi \int_0^1 \left( 3x - \frac{3}{2}x^2 \right)^2\,dx = \pi \int_0^1 \left( 9x^2 - 9x^3 + \frac{9}{4}x^4 \right)\,dx \]<br>Tính từng nguyên hàm cơ bản:<br>\[ \int_0^1 9x^2\,dx = 9\left[\frac{x^3}{3}\right]_0^1 = 3 \]<br>\[ \int_0^1 9x^3\,dx = 9\left[\frac{x^4}{4}\right]_0^1 = \frac{9}{4} \]<br>\[ \int_0^1 \frac{9}{4}x^4\,dx = \frac{9}{4}\left[\frac{x^5}{5}\right]_0^1 = \frac{9}{20} \]<br>Cộng các phân số:<br>\[ \int_0^1 [f(x)]^2\,dx = 3 - \frac{9}{4} + \frac{9}{20} = \frac{60 - 45 + 9}{20} = \frac{24}{20} = \frac{6}{5} = 1{,}2 \]<br>Do đó \(V = 1{,}2\pi\). Hệ số \(k = 1{,}2\).<br><br><h4>⚠️ 4. BẪY TƯ DUY & CÁCH TRÁNH SAI LẦM</h4><ul><li>Bẫy 1: Tích phân từng phần chọn sai hàm \(v\). Nếu chọn \(v = x\), ta được \([xf(x)]_0^1 = f(1)\) chưa biết giá trị, dẫn đến bế tắc. Kỹ thuật cao cấp ở đây là chọn hằng số tích phân thích hợp \(v = x - 1\) để triệt tiêu cận trên.</li><li>Bẫy 2: Nhầm lẫn giữa công thức diện tích và thể tích tròn xoay (quên bình phương \([f(x)]^2\) hoặc quên nhân \(\pi\)).</li></ul>",original,Ngân hàng đề thi Đột phá PUMKIN.DEV (Tạo đề tự chọn Siêu khó),CC BY-NC-SA 4.0,kb_toan12_01
q_ultra_dd_01,TSA,Toán 12,Giải tích,Đường tiệm cận của đồ thị hàm số,skill_reasoning;skill_calculation;skill_optimization,Rất khó,M4,330,drag_drop,Kéo thả các kết luận giải tích và giá trị tiệm cận chính xác vào chỗ trống để hoàn thiện bài toán phân tích tiệm cận dãy nghiệm của phương trình siêu việt:,,,,,,"<h4>💡 1. BẢN CHẤT TOÁN HỌC & Ý NIỆM GỐC (MATHEMATICAL ESSENCE)</h4>Bài toán là dạng kinh điển trong các kỳ thi học sinh giỏi quốc gia và Olympic toán sinh viên: <strong>Nghiệm của họ đa thức biến thiên theo bậc \(n\) (Zeroes of polynomial families)</strong> kết hợp <strong>Chuỗi lũy thừa hình học (Geometric Power Series)</strong> và <strong>Giải tích tiệm cận (Asymptotic Analysis)</strong>.<br>Vẻ đẹp bất ngờ nằm ở chỗ: Mặc dù bậc của đa thức tiến tới vô cùng, nghiệm \(x_n\) lại bị 'hút' về giá trị giới hạn \(1/2\) theo cấp số nhân với vận tốc chính xác \(O(2^{-n})\), và độ dốc tại điểm hút hội tụ về đúng 4.<br><br><h4>🧭 2. HƯỚNG DẪN TƯ DUY & CHIẾN LƯỢC TIẾP CẬN (META-HEURISTIC)</h4><ul><li><strong>Kỹ thuật thu gọn tổng cấp số nhân:</strong> Nhận thấy \(x^n + x^{n-1} + \dots + x = x\frac{1 - x^n}{1 - x}\) với \(x \ne 1\).<br>Khi đó phương trình trở thành \(x(1 - x^n) = 1 - x \Leftrightarrow 2x - 1 = x^{n+1}\).<br>Phương trình dạng \(2x - 1 = x^{n+1}\) đơn giản hơn gấp 100 lần so với đa thức bậc \(n\) ban đầu!</li><li><strong>Chiến lược chứng minh tính đơn điệu:</strong> So sánh \(f_{n+1}(x_n)\) với \(f_{n+1}(x_{n+1}) = 0\).<br>Ta có \(f_{n+1}(x_n) = x_n^{n+1} + f_n(x_n) = x_n^{n+1} + 0 = x_n^{n+1} > 0 = f_{n+1}(x_{n+1})\).<br>Vì hàm số \(f_{n+1}(x)\) đồng biến nên \(x_n > x_{n+1}\), chứng minh ngay lập tức dãy giảm ngặt!</li><li><strong>Chiến lược phân tích sai số tiệm cận:</strong> Từ \(2x_n - 1 = x_n^{n+1}\), ta có \(x_n - \frac{1}{2} = \frac{1}{2} x_n^{n+1}\).<br>Nhân 2 vế với \(2^n\): \(2^n \left(x_n - \frac{1}{2}\right) = 2^{n-1} x_n^{n+1} = \frac{1}{4} (2x_n)^{n+1}\). Kỹ thuật lấy giới hạn kẹp cho kết quả \(1/4\).</li><li><strong>Chiến lược tính đạo hàm chuỗi:</strong> Đạo hàm của chuỗi hình học: \(\frac{d}{dx}\left(\frac{1}{1-x}\right) = \frac{1}{(1-x)^2}\). Thay \(x = 1/2\) thu được 4.</li></ul><br><h4>📐 3. LỜI GIẢI CHI TIẾT TỪNG BƯỚC (STEP-BY-STEP DERIVATION)</h4><strong>Bước 1: Tính đơn điệu của dãy (Ô 1)</strong><br>Với \(x > 0\), hàm số \(f_n'(x) = n x^{n-1} + \dots + 1 > 0\) nên \(f_n(x)\) đồng biến chặt trên \((0; +\infty)\).<br>Ta có \(f_n(0) = -1 < 0\) và \(f_n(1) = n - 1 \ge 0\) với mọi \(n \ge 1\), nên nghiệm dương \(x_n \in (0; 1]\).<br>Xét hiệu hai bước liên tiếp:<br>\[ f_{n+1}(x_n) = x_n^{n+1} + f_n(x_n) = x_n^{n+1} + 0 = x_n^{n+1} > 0 = f_{n+1}(x_{n+1}) \]<br>Do \(f_{n+1}\) đồng biến chặt, \(f_{n+1}(x_n) > f_{n+1}(x_{n+1}) \implies x_n > x_{n+1}\).<br>Vậy dãy số \((x_n)\) là dãy <strong>giảm ngặt</strong> (Ô số 1: <code>giảm ngặt</code>).<br><br><strong>Bước 2: Tìm giới hạn \(\lim x_n\) (Ô 2)</strong><br>Áp dụng công thức tổng cấp số nhân với \(x_n \in (0; 1)\):<br>\[ x_n^n + \dots + x_n - 1 = 0 \Leftrightarrow x_n \frac{1 - x_n^n}{1 - x_n} = 1 \Leftrightarrow x_n - x_n^{n+1} = 1 - x_n \Leftrightarrow 2x_n - 1 = x_n^{n+1} \]<br>Vì \(x_n > 0\) nên \(x_n^{n+1} > 0 \implies 2x_n - 1 > 0 \implies x_n > \frac{1}{2}\).<br>Dãy \((x_n)\) giảm ngặt và bị chặn dưới bởi \(\frac{1}{2}\) nên theo định lý Weierstrass, tồn tại giới hạn \(L = \lim_{n \to \infty} x_n\) với \(\frac{1}{2} \le L < 1\).<br>Vì \(0 < L < 1\) nên \(\lim_{n \to \infty} x_n^{n+1} = L^{\infty} = 0\).<br>Lấy giới hạn hai vế của đẳng thức \(2x_n - 1 = x_n^{n+1}\):<br>\[ 2L - 1 = 0 \implies L = \frac{1}{2} \]<br>(Ô số 2: <code>1/2</code>).<br><br><strong>Bước 3: Tốc độ hội tụ của sai số (Ô 3)</strong><br>Từ \(2x_n - 1 = x_n^{n+1}\), ta biến đổi sai số:<br>\[ x_n - \frac{1}{2} = \frac{1}{2} x_n^{n+1} \]<br>Nhân cả hai vế với \(2^n\):<br>\[ 2^n \left(x_n - \frac{1}{2}\right) = 2^{n-1} x_n^{n+1} = \frac{1}{4} \cdot (2x_n)^{n+1} \]<br>Đặt \(x_n = \frac{1}{2} + \epsilon_n\) với \(\epsilon_n \to 0\). Ta có \(2x_n = 1 + 2\epsilon_n\).<br>Ta có \(\ln(2x_n)^{n+1} = (n+1) \ln(1 + 2\epsilon_n) \sim (n+1) \cdot 2\epsilon_n = (n+1) x_n^{n+1} \to 0\) vì \(x_n < x_2 \approx 0{,}618 < 1\).<br>Do đó \(\lim_{n \to \infty} (2x_n)^{n+1} = e^0 = 1\).<br>Suy ra:<br>\[ \lim_{n \to +\infty} 2^n \left(x_n - \frac{1}{2}\right) = \frac{1}{4} \cdot 1 = \frac{1}{4} \]<br>(Ô số 3: <code>1/4</code>).<br><br><strong>Bước 4: Giới hạn đạo hàm cấp một tại \(x = 1/2\) (Ô 4)</strong><br>Ta có đạo hàm của đa thức \(f_n(x)\):<br>\[ f_n'(x) = 1 + 2x + 3x^2 + \dots + n x^{n-1} \]<br>Khi \(n \to \infty\), xét chuỗi vô hạn đạo hàm tại \(x = \frac{1}{2}\):<br>\[ \lim_{n \to \infty} f_n'\left(\frac{1}{2}\right) = \sum_{k=1}^\infty k \left(\frac{1}{2}\right)^{k-1} \]<br>Sử dụng công thức tổng chuỗi luỹ thừa: Với \(|x| < 1\), ta có \(\sum_{k=0}^\infty x^k = \frac{1}{1-x}\).<br>Lấy đạo hàm cả hai vế theo \(x\):<br>\[ \sum_{k=1}^\infty k x^{k-1} = \frac{d}{dx}\left(\frac{1}{1 - x}\right) = \frac{1}{(1 - x)^2} \]<br>Thay \(x = \frac{1}{2}\):<br>\[ \frac{1}{\left(1 - \frac{1}{2}\right)^2} = \frac{1}{\left(\frac{1}{2}\right)^2} = \frac{1}{\frac{1}{4}} = 4 \]<br>(Ô số 4: <code>4</code>).",original,Ngân hàng đề thi Đột phá PUMKIN.DEV (Tạo đề tự chọn Siêu khó),CC BY-NC-SA 4.0,kb_toan12_01
q_gen_bayes_1,TSA,Toán 12,Xác suất,Xác suất có điều kiện & Định lý Bayes,skill_calculation;skill_reasoning,Trung bình,M2,75,single_choice,"Cho hai biến cố \(A\) và \(B\) với \(P(A) = 0.30\), \(P(B) = 0.50\) và \(P(A \cap B) = 0.15\). Tính xác suất có điều kiện \(P(A|B)\) (làm tròn 2 chữ số thập phân).",\(0.30\),\(0.30\),\(0.50\),\(0.15\),A,Theo định nghĩa xác suất có điều kiện: \(P(A|B) = \frac{P(A \cap B)}{P(B)} = \frac{0.15}{0.50} \approx 0.30\).,original,PUMKIN.DEV Standardized Bank 2025,CC BY-NC-SA 4.0,
q_gen_bayes_2,TSA,Toán 12,Xác suất,Xác suất có điều kiện & Định lý Bayes,skill_calculation;skill_reasoning,Trung bình,M2,75,single_choice,"Cho hai biến cố \(A\) và \(B\) với \(P(A) = 0.40\), \(P(B) = 0.60\) và \(P(A \cap B) = 0.20\). Tính xác suất có điều kiện \(P(A|B)\) (làm tròn 2 chữ số thập phân).",\(0.33\),\(0.40\),\(0.60\),\(0.17\),A,Theo định nghĩa xác suất có điều kiện: \(P(A|B) = \frac{P(A \cap B)}{P(B)} = \frac{0.20}{0.60} \approx 0.33\).,original,PUMKIN.DEV Standardized Bank 2025,CC BY-NC-SA 4.0,
q_gen_bayes_3,TSA,Toán 12,Xác suất,Xác suất có điều kiện & Định lý Bayes,skill_calculation;skill_reasoning,Trung bình,M2,75,single_choice,"Cho hai biến cố \(A\) và \(B\) với \(P(A) = 0.50\), \(P(B) = 0.70\) và \(P(A \cap B) = 0.10\). Tính xác suất có điều kiện \(P(A|B)\) (làm tròn 2 chữ số thập phân).",\(0.14\),\(0.50\),\(0.70\),\(0.07\),A,Theo định nghĩa xác suất có điều kiện: \(P(A|B) = \frac{P(A \cap B)}{P(B)} = \frac{0.10}{0.70} \approx 0.14\).,original,PUMKIN.DEV Standardized Bank 2025,CC BY-NC-SA 4.0,
q_gen_bayes_4,TSA,Toán 12,Xác suất,Xác suất có điều kiện & Định lý Bayes,skill_calculation;skill_reasoning,Trung bình,M2,75,single_choice,"Cho hai biến cố \(A\) và \(B\) với \(P(A) = 0.60\), \(P(B) = 0.40\) và \(P(A \cap B) = 0.15\). Tính xác suất có điều kiện \(P(A|B)\) (làm tròn 2 chữ số thập phân).",\(0.37\),\(0.60\),\(0.40\),\(0.18\),A,Theo định nghĩa xác suất có điều kiện: \(P(A|B) = \frac{P(A \cap B)}{P(B)} = \frac{0.15}{0.40} \approx 0.37\).,original,PUMKIN.DEV Standardized Bank 2025,CC BY-NC-SA 4.0,
q_gen_bayes_5,TSA,Toán 12,Xác suất,Xác suất có điều kiện & Định lý Bayes,skill_calculation;skill_reasoning,Trung bình,M2,75,single_choice,"Cho hai biến cố \(A\) và \(B\) với \(P(A) = 0.20\), \(P(B) = 0.50\) và \(P(A \cap B) = 0.20\). Tính xác suất có điều kiện \(P(A|B)\) (làm tròn 2 chữ số thập phân).",\(0.40\),\(0.20\),\(0.50\),\(0.20\),A,Theo định nghĩa xác suất có điều kiện: \(P(A|B) = \frac{P(A \cap B)}{P(B)} = \frac{0.20}{0.50} \approx 0.40\).,original,PUMKIN.DEV Standardized Bank 2025,CC BY-NC-SA 4.0,
q_gen_bayes_6,TSA,Toán 12,Xác suất,Xác suất có điều kiện & Định lý Bayes,skill_calculation;skill_reasoning,Trung bình,M2,75,single_choice,"Cho hai biến cố \(A\) và \(B\) với \(P(A) = 0.30\), \(P(B) = 0.60\) và \(P(A \cap B) = 0.10\). Tính xác suất có điều kiện \(P(A|B)\) (làm tròn 2 chữ số thập phân).",\(0.17\),\(0.30\),\(0.60\),\(0.09\),A,Theo định nghĩa xác suất có điều kiện: \(P(A|B) = \frac{P(A \cap B)}{P(B)} = \frac{0.10}{0.60} \approx 0.17\).,original,PUMKIN.DEV Standardized Bank 2025,CC BY-NC-SA 4.0,
q_gen_bayes_7,TSA,Toán 12,Xác suất,Xác suất có điều kiện & Định lý Bayes,skill_calculation;skill_reasoning,Trung bình,M2,75,single_choice,"Cho hai biến cố \(A\) và \(B\) với \(P(A) = 0.40\), \(P(B) = 0.70\) và \(P(A \cap B) = 0.15\). Tính xác suất có điều kiện \(P(A|B)\) (làm tròn 2 chữ số thập phân).",\(0.21\),\(0.40\),\(0.70\),\(0.10\),A,Theo định nghĩa xác suất có điều kiện: \(P(A|B) = \frac{P(A \cap B)}{P(B)} = \frac{0.15}{0.70} \approx 0.21\).,original,PUMKIN.DEV Standardized Bank 2025,CC BY-NC-SA 4.0,
q_gen_bayes_8,TSA,Toán 12,Xác suất,Xác suất có điều kiện & Định lý Bayes,skill_calculation;skill_reasoning,Trung bình,M2,75,single_choice,"Cho hai biến cố \(A\) và \(B\) với \(P(A) = 0.50\), \(P(B) = 0.40\) và \(P(A \cap B) = 0.20\). Tính xác suất có điều kiện \(P(A|B)\) (làm tròn 2 chữ số thập phân).",\(0.50\),\(0.50\),\(0.40\),\(0.25\),A,Theo định nghĩa xác suất có điều kiện: \(P(A|B) = \frac{P(A \cap B)}{P(B)} = \frac{0.20}{0.40} \approx 0.50\).,original,PUMKIN.DEV Standardized Bank 2025,CC BY-NC-SA 4.0,
q_gen_bayes_9,TSA,Toán 12,Xác suất,Xác suất có điều kiện & Định lý Bayes,skill_calculation;skill_reasoning,Trung bình,M2,75,single_choice,"Cho hai biến cố \(A\) và \(B\) với \(P(A) = 0.60\), \(P(B) = 0.50\) và \(P(A \cap B) = 0.10\). Tính xác suất có điều kiện \(P(A|B)\) (làm tròn 2 chữ số thập phân).",\(0.20\),\(0.60\),\(0.50\),\(0.10\),A,Theo định nghĩa xác suất có điều kiện: \(P(A|B) = \frac{P(A \cap B)}{P(B)} = \frac{0.10}{0.50} \approx 0.20\).,original,PUMKIN.DEV Standardized Bank 2025,CC BY-NC-SA 4.0,
q_gen_bayes_10,TSA,Toán 12,Xác suất,Xác suất có điều kiện & Định lý Bayes,skill_calculation;skill_reasoning,Trung bình,M2,75,single_choice,"Cho hai biến cố \(A\) và \(B\) với \(P(A) = 0.20\), \(P(B) = 0.60\) và \(P(A \cap B) = 0.15\). Tính xác suất có điều kiện \(P(A|B)\) (làm tròn 2 chữ số thập phân).",\(0.25\),\(0.20\),\(0.60\),\(0.13\),A,Theo định nghĩa xác suất có điều kiện: \(P(A|B) = \frac{P(A \cap B)}{P(B)} = \frac{0.15}{0.60} \approx 0.25\).,original,PUMKIN.DEV Standardized Bank 2025,CC BY-NC-SA 4.0,
q_gen_bayes_11,TSA,Toán 12,Xác suất,Xác suất có điều kiện & Định lý Bayes,skill_calculation;skill_reasoning,Trung bình,M2,75,single_choice,"Cho hai biến cố \(A\) và \(B\) với \(P(A) = 0.30\), \(P(B) = 0.70\) và \(P(A \cap B) = 0.20\). Tính xác suất có điều kiện \(P(A|B)\) (làm tròn 2 chữ số thập phân).",\(0.29\),\(0.30\),\(0.70\),\(0.14\),A,Theo định nghĩa xác suất có điều kiện: \(P(A|B) = \frac{P(A \cap B)}{P(B)} = \frac{0.20}{0.70} \approx 0.29\).,original,PUMKIN.DEV Standardized Bank 2025,CC BY-NC-SA 4.0,
q_gen_bayes_12,TSA,Toán 12,Xác suất,Xác suất có điều kiện & Định lý Bayes,skill_calculation;skill_reasoning,Trung bình,M2,75,single_choice,"Cho hai biến cố \(A\) và \(B\) với \(P(A) = 0.40\), \(P(B) = 0.40\) và \(P(A \cap B) = 0.10\). Tính xác suất có điều kiện \(P(A|B)\) (làm tròn 2 chữ số thập phân).",\(0.25\),\(0.40\),\(0.40\),\(0.13\),A,Theo định nghĩa xác suất có điều kiện: \(P(A|B) = \frac{P(A \cap B)}{P(B)} = \frac{0.10}{0.40} \approx 0.25\).,original,PUMKIN.DEV Standardized Bank 2025,CC BY-NC-SA 4.0,
q_gen_bayes_13,TSA,Toán 12,Xác suất,Xác suất có điều kiện & Định lý Bayes,skill_calculation;skill_reasoning,Trung bình,M2,75,single_choice,"Cho hai biến cố \(A\) và \(B\) với \(P(A) = 0.50\), \(P(B) = 0.50\) và \(P(A \cap B) = 0.15\). Tính xác suất có điều kiện \(P(A|B)\) (làm tròn 2 chữ số thập phân).",\(0.30\),\(0.50\),\(0.50\),\(0.15\),A,Theo định nghĩa xác suất có điều kiện: \(P(A|B) = \frac{P(A \cap B)}{P(B)} = \frac{0.15}{0.50} \approx 0.30\).,original,PUMKIN.DEV Standardized Bank 2025,CC BY-NC-SA 4.0,
q_gen_bayes_14,TSA,Toán 12,Xác suất,Xác suất có điều kiện & Định lý Bayes,skill_calculation;skill_reasoning,Trung bình,M2,75,single_choice,"Cho hai biến cố \(A\) và \(B\) với \(P(A) = 0.60\), \(P(B) = 0.60\) và \(P(A \cap B) = 0.20\). Tính xác suất có điều kiện \(P(A|B)\) (làm tròn 2 chữ số thập phân).",\(0.33\),\(0.60\),\(0.60\),\(0.17\),A,Theo định nghĩa xác suất có điều kiện: \(P(A|B) = \frac{P(A \cap B)}{P(B)} = \frac{0.20}{0.60} \approx 0.33\).,original,PUMKIN.DEV Standardized Bank 2025,CC BY-NC-SA 4.0,
q_gen_bayes_15,TSA,Toán 12,Xác suất,Xác suất có điều kiện & Định lý Bayes,skill_calculation;skill_reasoning,Trung bình,M2,75,single_choice,"Cho hai biến cố \(A\) và \(B\) với \(P(A) = 0.20\), \(P(B) = 0.70\) và \(P(A \cap B) = 0.10\). Tính xác suất có điều kiện \(P(A|B)\) (làm tròn 2 chữ số thập phân).",\(0.14\),\(0.20\),\(0.70\),\(0.07\),A,Theo định nghĩa xác suất có điều kiện: \(P(A|B) = \frac{P(A \cap B)}{P(B)} = \frac{0.10}{0.70} \approx 0.14\).,original,PUMKIN.DEV Standardized Bank 2025,CC BY-NC-SA 4.0,
q_gen_bayes_16,TSA,Toán 12,Xác suất,Xác suất có điều kiện & Định lý Bayes,skill_calculation;skill_reasoning,Trung bình,M2,75,single_choice,"Cho hai biến cố \(A\) và \(B\) với \(P(A) = 0.30\), \(P(B) = 0.40\) và \(P(A \cap B) = 0.15\). Tính xác suất có điều kiện \(P(A|B)\) (làm tròn 2 chữ số thập phân).",\(0.37\),\(0.30\),\(0.40\),\(0.18\),A,Theo định nghĩa xác suất có điều kiện: \(P(A|B) = \frac{P(A \cap B)}{P(B)} = \frac{0.15}{0.40} \approx 0.37\).,original,PUMKIN.DEV Standardized Bank 2025,CC BY-NC-SA 4.0,
q_gen_bayes_17,TSA,Toán 12,Xác suất,Xác suất có điều kiện & Định lý Bayes,skill_calculation;skill_reasoning,Trung bình,M2,75,single_choice,"Cho hai biến cố \(A\) và \(B\) với \(P(A) = 0.40\), \(P(B) = 0.50\) và \(P(A \cap B) = 0.20\). Tính xác suất có điều kiện \(P(A|B)\) (làm tròn 2 chữ số thập phân).",\(0.40\),\(0.40\),\(0.50\),\(0.20\),A,Theo định nghĩa xác suất có điều kiện: \(P(A|B) = \frac{P(A \cap B)}{P(B)} = \frac{0.20}{0.50} \approx 0.40\).,original,PUMKIN.DEV Standardized Bank 2025,CC BY-NC-SA 4.0,
q_gen_bayes_18,TSA,Toán 12,Xác suất,Xác suất có điều kiện & Định lý Bayes,skill_calculation;skill_reasoning,Trung bình,M2,75,single_choice,"Cho hai biến cố \(A\) và \(B\) với \(P(A) = 0.50\), \(P(B) = 0.60\) và \(P(A \cap B) = 0.10\). Tính xác suất có điều kiện \(P(A|B)\) (làm tròn 2 chữ số thập phân).",\(0.17\),\(0.50\),\(0.60\),\(0.09\),A,Theo định nghĩa xác suất có điều kiện: \(P(A|B) = \frac{P(A \cap B)}{P(B)} = \frac{0.10}{0.60} \approx 0.17\).,original,PUMKIN.DEV Standardized Bank 2025,CC BY-NC-SA 4.0,
q_gen_area_1,TSA,Toán 12,Giải tích,Diện tích hình phẳng & Thể tích khối tròn xoay,skill_calculation;skill_reasoning,Trung bình,M2,75,single_choice,Tính diện tích \(S\) của hình phẳng giới hạn bởi đồ thị hàm số \(y = 2 - x^2\) và trục hoành \(Ox\).,\(S = \frac{4}{3} \cdot 2\sqrt{2}\),\(S = \frac{2}{3} \cdot 2\sqrt{2}\),\(S = 2 \cdot 2\sqrt{2}\),\(S = \frac{1}{3} \cdot 2\sqrt{2}\),A,"Phương trình hoành độ giao điểm: \(2 - x^2 = 0 \iff x = \pm \sqrt{2}\).
Diện tích: \(S = \int_{-\sqrt{2}}^{\sqrt{2}} (2 - x^2) dx = 2\left[2x - \frac{x^3}{3}\right]_0^{\sqrt{2}} = 2\left(2\sqrt{2} - \frac{2\sqrt{2}}{3}\right) = \frac{4}{3}2\sqrt{2}\).",original,PUMKIN.DEV Standardized Bank 2025,CC BY-NC-SA 4.0,
q_gen_area_2,TSA,Toán 12,Giải tích,Diện tích hình phẳng & Thể tích khối tròn xoay,skill_calculation;skill_reasoning,Trung bình,M2,75,single_choice,Tính diện tích \(S\) của hình phẳng giới hạn bởi đồ thị hàm số \(y = 3 - x^2\) và trục hoành \(Ox\).,\(S = \frac{4}{3} \cdot 3\sqrt{3}\),\(S = \frac{2}{3} \cdot 3\sqrt{3}\),\(S = 2 \cdot 3\sqrt{3}\),\(S = \frac{1}{3} \cdot 3\sqrt{3}\),A,"Phương trình hoành độ giao điểm: \(3 - x^2 = 0 \iff x = \pm \sqrt{3}\).
Diện tích: \(S = \int_{-\sqrt{3}}^{\sqrt{3}} (3 - x^2) dx = 2\left[3x - \frac{x^3}{3}\right]_0^{\sqrt{3}} = 2\left(3\sqrt{3} - \frac{3\sqrt{3}}{3}\right) = \frac{4}{3}3\sqrt{3}\).",original,PUMKIN.DEV Standardized Bank 2025,CC BY-NC-SA 4.0,
q_gen_area_3,TSA,Toán 12,Giải tích,Diện tích hình phẳng & Thể tích khối tròn xoay,skill_calculation;skill_reasoning,Trung bình,M2,75,single_choice,Tính diện tích \(S\) của hình phẳng giới hạn bởi đồ thị hàm số \(y = 4 - x^2\) và trục hoành \(Ox\).,\(S = \frac{4}{3} \cdot 4\sqrt{4}\),\(S = \frac{2}{3} \cdot 4\sqrt{4}\),\(S = 2 \cdot 4\sqrt{4}\),\(S = \frac{1}{3} \cdot 4\sqrt{4}\),A,"Phương trình hoành độ giao điểm: \(4 - x^2 = 0 \iff x = \pm \sqrt{4}\).
Diện tích: \(S = \int_{-\sqrt{4}}^{\sqrt{4}} (4 - x^2) dx = 2\left[4x - \frac{x^3}{3}\right]_0^{\sqrt{4}} = 2\left(4\sqrt{4} - \frac{4\sqrt{4}}{3}\right) = \frac{4}{3}4\sqrt{4}\).",original,PUMKIN.DEV Standardized Bank 2025,CC BY-NC-SA 4.0,
q_gen_area_4,TSA,Toán 12,Giải tích,Diện tích hình phẳng & Thể tích khối tròn xoay,skill_calculation;skill_reasoning,Trung bình,M2,75,single_choice,Tính diện tích \(S\) của hình phẳng giới hạn bởi đồ thị hàm số \(y = 5 - x^2\) và trục hoành \(Ox\).,\(S = \frac{4}{3} \cdot 5\sqrt{5}\),\(S = \frac{2}{3} \cdot 5\sqrt{5}\),\(S = 2 \cdot 5\sqrt{5}\),\(S = \frac{1}{3} \cdot 5\sqrt{5}\),A,"Phương trình hoành độ giao điểm: \(5 - x^2 = 0 \iff x = \pm \sqrt{5}\).
Diện tích: \(S = \int_{-\sqrt{5}}^{\sqrt{5}} (5 - x^2) dx = 2\left[5x - \frac{x^3}{3}\right]_0^{\sqrt{5}} = 2\left(5\sqrt{5} - \frac{5\sqrt{5}}{3}\right) = \frac{4}{3}5\sqrt{5}\).",original,PUMKIN.DEV Standardized Bank 2025,CC BY-NC-SA 4.0,
q_gen_area_5,TSA,Toán 12,Giải tích,Diện tích hình phẳng & Thể tích khối tròn xoay,skill_calculation;skill_reasoning,Trung bình,M2,75,single_choice,Tính diện tích \(S\) của hình phẳng giới hạn bởi đồ thị hàm số \(y = 6 - x^2\) và trục hoành \(Ox\).,\(S = \frac{4}{3} \cdot 6\sqrt{6}\),\(S = \frac{2}{3} \cdot 6\sqrt{6}\),\(S = 2 \cdot 6\sqrt{6}\),\(S = \frac{1}{3} \cdot 6\sqrt{6}\),A,"Phương trình hoành độ giao điểm: \(6 - x^2 = 0 \iff x = \pm \sqrt{6}\).
Diện tích: \(S = \int_{-\sqrt{6}}^{\sqrt{6}} (6 - x^2) dx = 2\left[6x - \frac{x^3}{3}\right]_0^{\sqrt{6}} = 2\left(6\sqrt{6} - \frac{6\sqrt{6}}{3}\right) = \frac{4}{3}6\sqrt{6}\).",original,PUMKIN.DEV Standardized Bank 2025,CC BY-NC-SA 4.0,
q_gen_area_6,TSA,Toán 12,Giải tích,Diện tích hình phẳng & Thể tích khối tròn xoay,skill_calculation;skill_reasoning,Trung bình,M2,75,single_choice,Tính diện tích \(S\) của hình phẳng giới hạn bởi đồ thị hàm số \(y = 7 - x^2\) và trục hoành \(Ox\).,\(S = \frac{4}{3} \cdot 7\sqrt{7}\),\(S = \frac{2}{3} \cdot 7\sqrt{7}\),\(S = 2 \cdot 7\sqrt{7}\),\(S = \frac{1}{3} \cdot 7\sqrt{7}\),A,"Phương trình hoành độ giao điểm: \(7 - x^2 = 0 \iff x = \pm \sqrt{7}\).
Diện tích: \(S = \int_{-\sqrt{7}}^{\sqrt{7}} (7 - x^2) dx = 2\left[7x - \frac{x^3}{3}\right]_0^{\sqrt{7}} = 2\left(7\sqrt{7} - \frac{7\sqrt{7}}{3}\right) = \frac{4}{3}7\sqrt{7}\).",original,PUMKIN.DEV Standardized Bank 2025,CC BY-NC-SA 4.0,
q_gen_area_7,TSA,Toán 12,Giải tích,Diện tích hình phẳng & Thể tích khối tròn xoay,skill_calculation;skill_reasoning,Trung bình,M2,75,single_choice,Tính diện tích \(S\) của hình phẳng giới hạn bởi đồ thị hàm số \(y = 8 - x^2\) và trục hoành \(Ox\).,\(S = \frac{4}{3} \cdot 8\sqrt{8}\),\(S = \frac{2}{3} \cdot 8\sqrt{8}\),\(S = 2 \cdot 8\sqrt{8}\),\(S = \frac{1}{3} \cdot 8\sqrt{8}\),A,"Phương trình hoành độ giao điểm: \(8 - x^2 = 0 \iff x = \pm \sqrt{8}\).
Diện tích: \(S = \int_{-\sqrt{8}}^{\sqrt{8}} (8 - x^2) dx = 2\left[8x - \frac{x^3}{3}\right]_0^{\sqrt{8}} = 2\left(8\sqrt{8} - \frac{8\sqrt{8}}{3}\right) = \frac{4}{3}8\sqrt{8}\).",original,PUMKIN.DEV Standardized Bank 2025,CC BY-NC-SA 4.0,
q_gen_area_8,TSA,Toán 12,Giải tích,Diện tích hình phẳng & Thể tích khối tròn xoay,skill_calculation;skill_reasoning,Trung bình,M2,75,single_choice,Tính diện tích \(S\) của hình phẳng giới hạn bởi đồ thị hàm số \(y = 9 - x^2\) và trục hoành \(Ox\).,\(S = \frac{4}{3} \cdot 9\sqrt{9}\),\(S = \frac{2}{3} \cdot 9\sqrt{9}\),\(S = 2 \cdot 9\sqrt{9}\),\(S = \frac{1}{3} \cdot 9\sqrt{9}\),A,"Phương trình hoành độ giao điểm: \(9 - x^2 = 0 \iff x = \pm \sqrt{9}\).
Diện tích: \(S = \int_{-\sqrt{9}}^{\sqrt{9}} (9 - x^2) dx = 2\left[9x - \frac{x^3}{3}\right]_0^{\sqrt{9}} = 2\left(9\sqrt{9} - \frac{9\sqrt{9}}{3}\right) = \frac{4}{3}9\sqrt{9}\).",original,PUMKIN.DEV Standardized Bank 2025,CC BY-NC-SA 4.0,
q_gen_area_9,TSA,Toán 12,Giải tích,Diện tích hình phẳng & Thể tích khối tròn xoay,skill_calculation;skill_reasoning,Trung bình,M2,75,single_choice,Tính diện tích \(S\) của hình phẳng giới hạn bởi đồ thị hàm số \(y = 10 - x^2\) và trục hoành \(Ox\).,\(S = \frac{4}{3} \cdot 10\sqrt{10}\),\(S = \frac{2}{3} \cdot 10\sqrt{10}\),\(S = 2 \cdot 10\sqrt{10}\),\(S = \frac{1}{3} \cdot 10\sqrt{10}\),A,"Phương trình hoành độ giao điểm: \(10 - x^2 = 0 \iff x = \pm \sqrt{10}\).
Diện tích: \(S = \int_{-\sqrt{10}}^{\sqrt{10}} (10 - x^2) dx = 2\left[10x - \frac{x^3}{3}\right]_0^{\sqrt{10}} = 2\left(10\sqrt{10} - \frac{10\sqrt{10}}{3}\right) = \frac{4}{3}10\sqrt{10}\).",original,PUMKIN.DEV Standardized Bank 2025,CC BY-NC-SA 4.0,
q_gen_area_10,TSA,Toán 12,Giải tích,Diện tích hình phẳng & Thể tích khối tròn xoay,skill_calculation;skill_reasoning,Trung bình,M2,75,single_choice,Tính diện tích \(S\) của hình phẳng giới hạn bởi đồ thị hàm số \(y = 11 - x^2\) và trục hoành \(Ox\).,\(S = \frac{4}{3} \cdot 11\sqrt{11}\),\(S = \frac{2}{3} \cdot 11\sqrt{11}\),\(S = 2 \cdot 11\sqrt{11}\),\(S = \frac{1}{3} \cdot 11\sqrt{11}\),A,"Phương trình hoành độ giao điểm: \(11 - x^2 = 0 \iff x = \pm \sqrt{11}\).
Diện tích: \(S = \int_{-\sqrt{11}}^{\sqrt{11}} (11 - x^2) dx = 2\left[11x - \frac{x^3}{3}\right]_0^{\sqrt{11}} = 2\left(11\sqrt{11} - \frac{11\sqrt{11}}{3}\right) = \frac{4}{3}11\sqrt{11}\).",original,PUMKIN.DEV Standardized Bank 2025,CC BY-NC-SA 4.0,
q_gen_area_11,TSA,Toán 12,Giải tích,Diện tích hình phẳng & Thể tích khối tròn xoay,skill_calculation;skill_reasoning,Trung bình,M2,75,single_choice,Tính diện tích \(S\) của hình phẳng giới hạn bởi đồ thị hàm số \(y = 12 - x^2\) và trục hoành \(Ox\).,\(S = \frac{4}{3} \cdot 12\sqrt{12}\),\(S = \frac{2}{3} \cdot 12\sqrt{12}\),\(S = 2 \cdot 12\sqrt{12}\),\(S = \frac{1}{3} \cdot 12\sqrt{12}\),A,"Phương trình hoành độ giao điểm: \(12 - x^2 = 0 \iff x = \pm \sqrt{12}\).
Diện tích: \(S = \int_{-\sqrt{12}}^{\sqrt{12}} (12 - x^2) dx = 2\left[12x - \frac{x^3}{3}\right]_0^{\sqrt{12}} = 2\left(12\sqrt{12} - \frac{12\sqrt{12}}{3}\right) = \frac{4}{3}12\sqrt{12}\).",original,PUMKIN.DEV Standardized Bank 2025,CC BY-NC-SA 4.0,
q_gen_area_12,TSA,Toán 12,Giải tích,Diện tích hình phẳng & Thể tích khối tròn xoay,skill_calculation;skill_reasoning,Trung bình,M2,75,single_choice,Tính diện tích \(S\) của hình phẳng giới hạn bởi đồ thị hàm số \(y = 13 - x^2\) và trục hoành \(Ox\).,\(S = \frac{4}{3} \cdot 13\sqrt{13}\),\(S = \frac{2}{3} \cdot 13\sqrt{13}\),\(S = 2 \cdot 13\sqrt{13}\),\(S = \frac{1}{3} \cdot 13\sqrt{13}\),A,"Phương trình hoành độ giao điểm: \(13 - x^2 = 0 \iff x = \pm \sqrt{13}\).
Diện tích: \(S = \int_{-\sqrt{13}}^{\sqrt{13}} (13 - x^2) dx = 2\left[13x - \frac{x^3}{3}\right]_0^{\sqrt{13}} = 2\left(13\sqrt{13} - \frac{13\sqrt{13}}{3}\right) = \frac{4}{3}13\sqrt{13}\).",original,PUMKIN.DEV Standardized Bank 2025,CC BY-NC-SA 4.0,
q_gen_area_13,TSA,Toán 12,Giải tích,Diện tích hình phẳng & Thể tích khối tròn xoay,skill_calculation;skill_reasoning,Trung bình,M2,75,single_choice,Tính diện tích \(S\) của hình phẳng giới hạn bởi đồ thị hàm số \(y = 14 - x^2\) và trục hoành \(Ox\).,\(S = \frac{4}{3} \cdot 14\sqrt{14}\),\(S = \frac{2}{3} \cdot 14\sqrt{14}\),\(S = 2 \cdot 14\sqrt{14}\),\(S = \frac{1}{3} \cdot 14\sqrt{14}\),A,"Phương trình hoành độ giao điểm: \(14 - x^2 = 0 \iff x = \pm \sqrt{14}\).
Diện tích: \(S = \int_{-\sqrt{14}}^{\sqrt{14}} (14 - x^2) dx = 2\left[14x - \frac{x^3}{3}\right]_0^{\sqrt{14}} = 2\left(14\sqrt{14} - \frac{14\sqrt{14}}{3}\right) = \frac{4}{3}14\sqrt{14}\).",original,PUMKIN.DEV Standardized Bank 2025,CC BY-NC-SA 4.0,
q_gen_area_14,TSA,Toán 12,Giải tích,Diện tích hình phẳng & Thể tích khối tròn xoay,skill_calculation;skill_reasoning,Trung bình,M2,75,single_choice,Tính diện tích \(S\) của hình phẳng giới hạn bởi đồ thị hàm số \(y = 15 - x^2\) và trục hoành \(Ox\).,\(S = \frac{4}{3} \cdot 15\sqrt{15}\),\(S = \frac{2}{3} \cdot 15\sqrt{15}\),\(S = 2 \cdot 15\sqrt{15}\),\(S = \frac{1}{3} \cdot 15\sqrt{15}\),A,"Phương trình hoành độ giao điểm: \(15 - x^2 = 0 \iff x = \pm \sqrt{15}\).
Diện tích: \(S = \int_{-\sqrt{15}}^{\sqrt{15}} (15 - x^2) dx = 2\left[15x - \frac{x^3}{3}\right]_0^{\sqrt{15}} = 2\left(15\sqrt{15} - \frac{15\sqrt{15}}{3}\right) = \frac{4}{3}15\sqrt{15}\).",original,PUMKIN.DEV Standardized Bank 2025,CC BY-NC-SA 4.0,
q_gen_area_15,TSA,Toán 12,Giải tích,Diện tích hình phẳng & Thể tích khối tròn xoay,skill_calculation;skill_reasoning,Trung bình,M2,75,single_choice,Tính diện tích \(S\) của hình phẳng giới hạn bởi đồ thị hàm số \(y = 16 - x^2\) và trục hoành \(Ox\).,\(S = \frac{4}{3} \cdot 16\sqrt{16}\),\(S = \frac{2}{3} \cdot 16\sqrt{16}\),\(S = 2 \cdot 16\sqrt{16}\),\(S = \frac{1}{3} \cdot 16\sqrt{16}\),A,"Phương trình hoành độ giao điểm: \(16 - x^2 = 0 \iff x = \pm \sqrt{16}\).
Diện tích: \(S = \int_{-\sqrt{16}}^{\sqrt{16}} (16 - x^2) dx = 2\left[16x - \frac{x^3}{3}\right]_0^{\sqrt{16}} = 2\left(16\sqrt{16} - \frac{16\sqrt{16}}{3}\right) = \frac{4}{3}16\sqrt{16}\).",original,PUMKIN.DEV Standardized Bank 2025,CC BY-NC-SA 4.0,
q_gen_area_16,TSA,Toán 12,Giải tích,Diện tích hình phẳng & Thể tích khối tròn xoay,skill_calculation;skill_reasoning,Trung bình,M2,75,single_choice,Tính diện tích \(S\) của hình phẳng giới hạn bởi đồ thị hàm số \(y = 17 - x^2\) và trục hoành \(Ox\).,\(S = \frac{4}{3} \cdot 17\sqrt{17}\),\(S = \frac{2}{3} \cdot 17\sqrt{17}\),\(S = 2 \cdot 17\sqrt{17}\),\(S = \frac{1}{3} \cdot 17\sqrt{17}\),A,"Phương trình hoành độ giao điểm: \(17 - x^2 = 0 \iff x = \pm \sqrt{17}\).
Diện tích: \(S = \int_{-\sqrt{17}}^{\sqrt{17}} (17 - x^2) dx = 2\left[17x - \frac{x^3}{3}\right]_0^{\sqrt{17}} = 2\left(17\sqrt{17} - \frac{17\sqrt{17}}{3}\right) = \frac{4}{3}17\sqrt{17}\).",original,PUMKIN.DEV Standardized Bank 2025,CC BY-NC-SA 4.0,
q_gen_tiemcan_1,TSA,Toán 12,Giải tích,Đường tiệm cận của đồ thị hàm số,skill_calculation;skill_reasoning,Trung bình,M2,75,single_choice,Tìm tọa độ giao điểm \(I\) của đường tiệm cận đứng và đường tiệm cận ngang của đồ thị hàm số \(y = \frac{3x + 1}{x - 3}\).,\(I(3; 3)\),\(I(3; 3)\),\(I(-3; 3)\),\(I(3; -3)\),A,"Tiệm cận đứng là nghiệm của mẫu số: \(x - 3 = 0 \iff x = 3\).
Tiệm cận ngang: \(y = \lim_{x \to \pm \infty} \frac{3x + 1}{x - 3} = 3\).
Vậy tọa độ giao điểm hai đường tiệm cận là \(I(3; 3)\).",original,PUMKIN.DEV Standardized Bank 2025,CC BY-NC-SA 4.0,
q_gen_tiemcan_2,TSA,Toán 12,Giải tích,Đường tiệm cận của đồ thị hàm số,skill_calculation;skill_reasoning,Trung bình,M2,75,single_choice,Tìm tọa độ giao điểm \(I\) của đường tiệm cận đứng và đường tiệm cận ngang của đồ thị hàm số \(y = \frac{4x + 1}{x - 5}\).,\(I(5; 4)\),\(I(4; 5)\),\(I(-5; 4)\),\(I(5; -4)\),A,"Tiệm cận đứng là nghiệm của mẫu số: \(x - 5 = 0 \iff x = 5\).
Tiệm cận ngang: \(y = \lim_{x \to \pm \infty} \frac{4x + 1}{x - 5} = 4\).
Vậy tọa độ giao điểm hai đường tiệm cận là \(I(5; 4)\).",original,PUMKIN.DEV Standardized Bank 2025,CC BY-NC-SA 4.0,
q_gen_tiemcan_3,TSA,Toán 12,Giải tích,Đường tiệm cận của đồ thị hàm số,skill_calculation;skill_reasoning,Trung bình,M2,75,single_choice,Tìm tọa độ giao điểm \(I\) của đường tiệm cận đứng và đường tiệm cận ngang của đồ thị hàm số \(y = \frac{5x + 1}{x - 7}\).,\(I(7; 5)\),\(I(5; 7)\),\(I(-7; 5)\),\(I(7; -5)\),A,"Tiệm cận đứng là nghiệm của mẫu số: \(x - 7 = 0 \iff x = 7\).
Tiệm cận ngang: \(y = \lim_{x \to \pm \infty} \frac{5x + 1}{x - 7} = 5\).
Vậy tọa độ giao điểm hai đường tiệm cận là \(I(7; 5)\).",original,PUMKIN.DEV Standardized Bank 2025,CC BY-NC-SA 4.0,
q_gen_tiemcan_4,TSA,Toán 12,Giải tích,Đường tiệm cận của đồ thị hàm số,skill_calculation;skill_reasoning,Trung bình,M2,75,single_choice,Tìm tọa độ giao điểm \(I\) của đường tiệm cận đứng và đường tiệm cận ngang của đồ thị hàm số \(y = \frac{6x + 1}{x - 9}\).,\(I(9; 6)\),\(I(6; 9)\),\(I(-9; 6)\),\(I(9; -6)\),A,"Tiệm cận đứng là nghiệm của mẫu số: \(x - 9 = 0 \iff x = 9\).
Tiệm cận ngang: \(y = \lim_{x \to \pm \infty} \frac{6x + 1}{x - 9} = 6\).
Vậy tọa độ giao điểm hai đường tiệm cận là \(I(9; 6)\).",original,PUMKIN.DEV Standardized Bank 2025,CC BY-NC-SA 4.0,
q_gen_tiemcan_5,TSA,Toán 12,Giải tích,Đường tiệm cận của đồ thị hàm số,skill_calculation;skill_reasoning,Trung bình,M2,75,single_choice,Tìm tọa độ giao điểm \(I\) của đường tiệm cận đứng và đường tiệm cận ngang của đồ thị hàm số \(y = \frac{7x + 1}{x - 11}\).,\(I(11; 7)\),\(I(7; 11)\),\(I(-11; 7)\),\(I(11; -7)\),A,"Tiệm cận đứng là nghiệm của mẫu số: \(x - 11 = 0 \iff x = 11\).
Tiệm cận ngang: \(y = \lim_{x \to \pm \infty} \frac{7x + 1}{x - 11} = 7\).
Vậy tọa độ giao điểm hai đường tiệm cận là \(I(11; 7)\).",original,PUMKIN.DEV Standardized Bank 2025,CC BY-NC-SA 4.0,
q_gen_tiemcan_6,TSA,Toán 12,Giải tích,Đường tiệm cận của đồ thị hàm số,skill_calculation;skill_reasoning,Trung bình,M2,75,single_choice,Tìm tọa độ giao điểm \(I\) của đường tiệm cận đứng và đường tiệm cận ngang của đồ thị hàm số \(y = \frac{8x + 1}{x - 13}\).,\(I(13; 8)\),\(I(8; 13)\),\(I(-13; 8)\),\(I(13; -8)\),A,"Tiệm cận đứng là nghiệm của mẫu số: \(x - 13 = 0 \iff x = 13\).
Tiệm cận ngang: \(y = \lim_{x \to \pm \infty} \frac{8x + 1}{x - 13} = 8\).
Vậy tọa độ giao điểm hai đường tiệm cận là \(I(13; 8)\).",original,PUMKIN.DEV Standardized Bank 2025,CC BY-NC-SA 4.0,
q_gen_tiemcan_7,TSA,Toán 12,Giải tích,Đường tiệm cận của đồ thị hàm số,skill_calculation;skill_reasoning,Trung bình,M2,75,single_choice,Tìm tọa độ giao điểm \(I\) của đường tiệm cận đứng và đường tiệm cận ngang của đồ thị hàm số \(y = \frac{9x + 1}{x - 15}\).,\(I(15; 9)\),\(I(9; 15)\),\(I(-15; 9)\),\(I(15; -9)\),A,"Tiệm cận đứng là nghiệm của mẫu số: \(x - 15 = 0 \iff x = 15\).
Tiệm cận ngang: \(y = \lim_{x \to \pm \infty} \frac{9x + 1}{x - 15} = 9\).
Vậy tọa độ giao điểm hai đường tiệm cận là \(I(15; 9)\).",original,PUMKIN.DEV Standardized Bank 2025,CC BY-NC-SA 4.0,
q_gen_tiemcan_8,TSA,Toán 12,Giải tích,Đường tiệm cận của đồ thị hàm số,skill_calculation;skill_reasoning,Trung bình,M2,75,single_choice,Tìm tọa độ giao điểm \(I\) của đường tiệm cận đứng và đường tiệm cận ngang của đồ thị hàm số \(y = \frac{10x + 1}{x - 17}\).,\(I(17; 10)\),\(I(10; 17)\),\(I(-17; 10)\),\(I(17; -10)\),A,"Tiệm cận đứng là nghiệm của mẫu số: \(x - 17 = 0 \iff x = 17\).
Tiệm cận ngang: \(y = \lim_{x \to \pm \infty} \frac{10x + 1}{x - 17} = 10\).
Vậy tọa độ giao điểm hai đường tiệm cận là \(I(17; 10)\).",original,PUMKIN.DEV Standardized Bank 2025,CC BY-NC-SA 4.0,
q_gen_tiemcan_9,TSA,Toán 12,Giải tích,Đường tiệm cận của đồ thị hàm số,skill_calculation;skill_reasoning,Trung bình,M2,75,single_choice,Tìm tọa độ giao điểm \(I\) của đường tiệm cận đứng và đường tiệm cận ngang của đồ thị hàm số \(y = \frac{11x + 1}{x - 19}\).,\(I(19; 11)\),\(I(11; 19)\),\(I(-19; 11)\),\(I(19; -11)\),A,"Tiệm cận đứng là nghiệm của mẫu số: \(x - 19 = 0 \iff x = 19\).
Tiệm cận ngang: \(y = \lim_{x \to \pm \infty} \frac{11x + 1}{x - 19} = 11\).
Vậy tọa độ giao điểm hai đường tiệm cận là \(I(19; 11)\).",original,PUMKIN.DEV Standardized Bank 2025,CC BY-NC-SA 4.0,
q_gen_tiemcan_10,TSA,Toán 12,Giải tích,Đường tiệm cận của đồ thị hàm số,skill_calculation;skill_reasoning,Trung bình,M2,75,single_choice,Tìm tọa độ giao điểm \(I\) của đường tiệm cận đứng và đường tiệm cận ngang của đồ thị hàm số \(y = \frac{12x + 1}{x - 21}\).,\(I(21; 12)\),\(I(12; 21)\),\(I(-21; 12)\),\(I(21; -12)\),A,"Tiệm cận đứng là nghiệm của mẫu số: \(x - 21 = 0 \iff x = 21\).
Tiệm cận ngang: \(y = \lim_{x \to \pm \infty} \frac{12x + 1}{x - 21} = 12\).
Vậy tọa độ giao điểm hai đường tiệm cận là \(I(21; 12)\).",original,PUMKIN.DEV Standardized Bank 2025,CC BY-NC-SA 4.0,
q_gen_tiemcan_11,TSA,Toán 12,Giải tích,Đường tiệm cận của đồ thị hàm số,skill_calculation;skill_reasoning,Trung bình,M2,75,single_choice,Tìm tọa độ giao điểm \(I\) của đường tiệm cận đứng và đường tiệm cận ngang của đồ thị hàm số \(y = \frac{13x + 1}{x - 23}\).,\(I(23; 13)\),\(I(13; 23)\),\(I(-23; 13)\),\(I(23; -13)\),A,"Tiệm cận đứng là nghiệm của mẫu số: \(x - 23 = 0 \iff x = 23\).
Tiệm cận ngang: \(y = \lim_{x \to \pm \infty} \frac{13x + 1}{x - 23} = 13\).
Vậy tọa độ giao điểm hai đường tiệm cận là \(I(23; 13)\).",original,PUMKIN.DEV Standardized Bank 2025,CC BY-NC-SA 4.0,
q_gen_tiemcan_12,TSA,Toán 12,Giải tích,Đường tiệm cận của đồ thị hàm số,skill_calculation;skill_reasoning,Trung bình,M2,75,single_choice,Tìm tọa độ giao điểm \(I\) của đường tiệm cận đứng và đường tiệm cận ngang của đồ thị hàm số \(y = \frac{14x + 1}{x - 25}\).,\(I(25; 14)\),\(I(14; 25)\),\(I(-25; 14)\),\(I(25; -14)\),A,"Tiệm cận đứng là nghiệm của mẫu số: \(x - 25 = 0 \iff x = 25\).
Tiệm cận ngang: \(y = \lim_{x \to \pm \infty} \frac{14x + 1}{x - 25} = 14\).
Vậy tọa độ giao điểm hai đường tiệm cận là \(I(25; 14)\).",original,PUMKIN.DEV Standardized Bank 2025,CC BY-NC-SA 4.0,
q_gen_tiemcan_13,TSA,Toán 12,Giải tích,Đường tiệm cận của đồ thị hàm số,skill_calculation;skill_reasoning,Trung bình,M2,75,single_choice,Tìm tọa độ giao điểm \(I\) của đường tiệm cận đứng và đường tiệm cận ngang của đồ thị hàm số \(y = \frac{15x + 1}{x - 27}\).,\(I(27; 15)\),\(I(15; 27)\),\(I(-27; 15)\),\(I(27; -15)\),A,"Tiệm cận đứng là nghiệm của mẫu số: \(x - 27 = 0 \iff x = 27\).
Tiệm cận ngang: \(y = \lim_{x \to \pm \infty} \frac{15x + 1}{x - 27} = 15\).
Vậy tọa độ giao điểm hai đường tiệm cận là \(I(27; 15)\).",original,PUMKIN.DEV Standardized Bank 2025,CC BY-NC-SA 4.0,
q_gen_tiemcan_14,TSA,Toán 12,Giải tích,Đường tiệm cận của đồ thị hàm số,skill_calculation;skill_reasoning,Trung bình,M2,75,single_choice,Tìm tọa độ giao điểm \(I\) của đường tiệm cận đứng và đường tiệm cận ngang của đồ thị hàm số \(y = \frac{16x + 1}{x - 29}\).,\(I(29; 16)\),\(I(16; 29)\),\(I(-29; 16)\),\(I(29; -16)\),A,"Tiệm cận đứng là nghiệm của mẫu số: \(x - 29 = 0 \iff x = 29\).
Tiệm cận ngang: \(y = \lim_{x \to \pm \infty} \frac{16x + 1}{x - 29} = 16\).
Vậy tọa độ giao điểm hai đường tiệm cận là \(I(29; 16)\).",original,PUMKIN.DEV Standardized Bank 2025,CC BY-NC-SA 4.0,
q_gen_laikep_1,TSA,Toán 12,Đại số,Mô hình tăng trưởng hàm mũ & Lãi kép,skill_calculation;skill_reasoning,Trung bình,M2,75,single_choice,"Một người gửi 100 triệu đồng vào ngân hàng với lãi suất \(6.0\%\)/năm theo hình thức lãi kép hàng năm. Sau đúng 3 năm, người đó nhận được tổng số tiền cả gốc lẫn lãi là bao nhiêu triệu đồng (làm tròn 2 chữ số thập phân)?",\(119.10\text{ triệu đồng}\),\(118.00\text{ triệu đồng}\),\(131.01\text{ triệu đồng}\),\(112.36\text{ triệu đồng}\),A,"Công thức lãi kép: \(S_n = A(1 + r)^n\).
Thay số: \(S_{3} = 100 \left(1 + \frac{6.0}{100}\right)^{3} = 119.10\) triệu đồng.",original,PUMKIN.DEV Standardized Bank 2025,CC BY-NC-SA 4.0,
q_gen_laikep_2,TSA,Toán 12,Đại số,Mô hình tăng trưởng hàm mũ & Lãi kép,skill_calculation;skill_reasoning,Trung bình,M2,75,single_choice,"Một người gửi 100 triệu đồng vào ngân hàng với lãi suất \(7.0\%\)/năm theo hình thức lãi kép hàng năm. Sau đúng 4 năm, người đó nhận được tổng số tiền cả gốc lẫn lãi là bao nhiêu triệu đồng (làm tròn 2 chữ số thập phân)?",\(131.08\text{ triệu đồng}\),\(128.00\text{ triệu đồng}\),\(144.19\text{ triệu đồng}\),\(122.50\text{ triệu đồng}\),A,"Công thức lãi kép: \(S_n = A(1 + r)^n\).
Thay số: \(S_{4} = 100 \left(1 + \frac{7.0}{100}\right)^{4} = 131.08\) triệu đồng.",original,PUMKIN.DEV Standardized Bank 2025,CC BY-NC-SA 4.0,
q_gen_laikep_3,TSA,Toán 12,Đại số,Mô hình tăng trưởng hàm mũ & Lãi kép,skill_calculation;skill_reasoning,Trung bình,M2,75,single_choice,"Một người gửi 100 triệu đồng vào ngân hàng với lãi suất \(8.0\%\)/năm theo hình thức lãi kép hàng năm. Sau đúng 5 năm, người đó nhận được tổng số tiền cả gốc lẫn lãi là bao nhiêu triệu đồng (làm tròn 2 chữ số thập phân)?",\(146.93\text{ triệu đồng}\),\(140.00\text{ triệu đồng}\),\(161.62\text{ triệu đồng}\),\(136.05\text{ triệu đồng}\),A,"Công thức lãi kép: \(S_n = A(1 + r)^n\).
Thay số: \(S_{5} = 100 \left(1 + \frac{8.0}{100}\right)^{5} = 146.93\) triệu đồng.",original,PUMKIN.DEV Standardized Bank 2025,CC BY-NC-SA 4.0,
q_gen_laikep_4,TSA,Toán 12,Đại số,Mô hình tăng trưởng hàm mũ & Lãi kép,skill_calculation;skill_reasoning,Trung bình,M2,75,single_choice,"Một người gửi 100 triệu đồng vào ngân hàng với lãi suất \(9.0\%\)/năm theo hình thức lãi kép hàng năm. Sau đúng 2 năm, người đó nhận được tổng số tiền cả gốc lẫn lãi là bao nhiêu triệu đồng (làm tròn 2 chữ số thập phân)?",\(118.81\text{ triệu đồng}\),\(118.00\text{ triệu đồng}\),\(130.69\text{ triệu đồng}\),\(109.00\text{ triệu đồng}\),A,"Công thức lãi kép: \(S_n = A(1 + r)^n\).
Thay số: \(S_{2} = 100 \left(1 + \frac{9.0}{100}\right)^{2} = 118.81\) triệu đồng.",original,PUMKIN.DEV Standardized Bank 2025,CC BY-NC-SA 4.0,
q_gen_laikep_5,TSA,Toán 12,Đại số,Mô hình tăng trưởng hàm mũ & Lãi kép,skill_calculation;skill_reasoning,Trung bình,M2,75,single_choice,"Một người gửi 100 triệu đồng vào ngân hàng với lãi suất \(10.0\%\)/năm theo hình thức lãi kép hàng năm. Sau đúng 3 năm, người đó nhận được tổng số tiền cả gốc lẫn lãi là bao nhiêu triệu đồng (làm tròn 2 chữ số thập phân)?",\(133.10\text{ triệu đồng}\),\(130.00\text{ triệu đồng}\),\(146.41\text{ triệu đồng}\),\(121.00\text{ triệu đồng}\),A,"Công thức lãi kép: \(S_n = A(1 + r)^n\).
Thay số: \(S_{3} = 100 \left(1 + \frac{10.0}{100}\right)^{3} = 133.10\) triệu đồng.",original,PUMKIN.DEV Standardized Bank 2025,CC BY-NC-SA 4.0,
q_gen_laikep_6,TSA,Toán 12,Đại số,Mô hình tăng trưởng hàm mũ & Lãi kép,skill_calculation;skill_reasoning,Trung bình,M2,75,single_choice,"Một người gửi 100 triệu đồng vào ngân hàng với lãi suất \(11.0\%\)/năm theo hình thức lãi kép hàng năm. Sau đúng 4 năm, người đó nhận được tổng số tiền cả gốc lẫn lãi là bao nhiêu triệu đồng (làm tròn 2 chữ số thập phân)?",\(151.81\text{ triệu đồng}\),\(144.00\text{ triệu đồng}\),\(166.99\text{ triệu đồng}\),\(136.76\text{ triệu đồng}\),A,"Công thức lãi kép: \(S_n = A(1 + r)^n\).
Thay số: \(S_{4} = 100 \left(1 + \frac{11.0}{100}\right)^{4} = 151.81\) triệu đồng.",original,PUMKIN.DEV Standardized Bank 2025,CC BY-NC-SA 4.0,
q_gen_laikep_7,TSA,Toán 12,Đại số,Mô hình tăng trưởng hàm mũ & Lãi kép,skill_calculation;skill_reasoning,Trung bình,M2,75,single_choice,"Một người gửi 100 triệu đồng vào ngân hàng với lãi suất \(12.0\%\)/năm theo hình thức lãi kép hàng năm. Sau đúng 5 năm, người đó nhận được tổng số tiền cả gốc lẫn lãi là bao nhiêu triệu đồng (làm tròn 2 chữ số thập phân)?",\(176.23\text{ triệu đồng}\),\(160.00\text{ triệu đồng}\),\(193.85\text{ triệu đồng}\),\(157.35\text{ triệu đồng}\),A,"Công thức lãi kép: \(S_n = A(1 + r)^n\).
Thay số: \(S_{5} = 100 \left(1 + \frac{12.0}{100}\right)^{5} = 176.23\) triệu đồng.",original,PUMKIN.DEV Standardized Bank 2025,CC BY-NC-SA 4.0,
q_gen_laikep_8,TSA,Toán 12,Đại số,Mô hình tăng trưởng hàm mũ & Lãi kép,skill_calculation;skill_reasoning,Trung bình,M2,75,single_choice,"Một người gửi 100 triệu đồng vào ngân hàng với lãi suất \(13.0\%\)/năm theo hình thức lãi kép hàng năm. Sau đúng 2 năm, người đó nhận được tổng số tiền cả gốc lẫn lãi là bao nhiêu triệu đồng (làm tròn 2 chữ số thập phân)?",\(127.69\text{ triệu đồng}\),\(126.00\text{ triệu đồng}\),\(140.46\text{ triệu đồng}\),\(113.00\text{ triệu đồng}\),A,"Công thức lãi kép: \(S_n = A(1 + r)^n\).
Thay số: \(S_{2} = 100 \left(1 + \frac{13.0}{100}\right)^{2} = 127.69\) triệu đồng.",original,PUMKIN.DEV Standardized Bank 2025,CC BY-NC-SA 4.0,
q_gen_laikep_9,TSA,Toán 12,Đại số,Mô hình tăng trưởng hàm mũ & Lãi kép,skill_calculation;skill_reasoning,Trung bình,M2,75,single_choice,"Một người gửi 100 triệu đồng vào ngân hàng với lãi suất \(14.0\%\)/năm theo hình thức lãi kép hàng năm. Sau đúng 3 năm, người đó nhận được tổng số tiền cả gốc lẫn lãi là bao nhiêu triệu đồng (làm tròn 2 chữ số thập phân)?",\(148.15\text{ triệu đồng}\),\(142.00\text{ triệu đồng}\),\(162.97\text{ triệu đồng}\),\(129.96\text{ triệu đồng}\),A,"Công thức lãi kép: \(S_n = A(1 + r)^n\).
Thay số: \(S_{3} = 100 \left(1 + \frac{14.0}{100}\right)^{3} = 148.15\) triệu đồng.",original,PUMKIN.DEV Standardized Bank 2025,CC BY-NC-SA 4.0,
q_gen_laikep_10,TSA,Toán 12,Đại số,Mô hình tăng trưởng hàm mũ & Lãi kép,skill_calculation;skill_reasoning,Trung bình,M2,75,single_choice,"Một người gửi 100 triệu đồng vào ngân hàng với lãi suất \(15.0\%\)/năm theo hình thức lãi kép hàng năm. Sau đúng 4 năm, người đó nhận được tổng số tiền cả gốc lẫn lãi là bao nhiêu triệu đồng (làm tròn 2 chữ số thập phân)?",\(174.90\text{ triệu đồng}\),\(160.00\text{ triệu đồng}\),\(192.39\text{ triệu đồng}\),\(152.09\text{ triệu đồng}\),A,"Công thức lãi kép: \(S_n = A(1 + r)^n\).
Thay số: \(S_{4} = 100 \left(1 + \frac{15.0}{100}\right)^{4} = 174.90\) triệu đồng.",original,PUMKIN.DEV Standardized Bank 2025,CC BY-NC-SA 4.0,
q_gen_laikep_11,TSA,Toán 12,Đại số,Mô hình tăng trưởng hàm mũ & Lãi kép,skill_calculation;skill_reasoning,Trung bình,M2,75,single_choice,"Một người gửi 100 triệu đồng vào ngân hàng với lãi suất \(16.0\%\)/năm theo hình thức lãi kép hàng năm. Sau đúng 5 năm, người đó nhận được tổng số tiền cả gốc lẫn lãi là bao nhiêu triệu đồng (làm tròn 2 chữ số thập phân)?",\(210.03\text{ triệu đồng}\),\(180.00\text{ triệu đồng}\),\(231.03\text{ triệu đồng}\),\(181.06\text{ triệu đồng}\),A,"Công thức lãi kép: \(S_n = A(1 + r)^n\).
Thay số: \(S_{5} = 100 \left(1 + \frac{16.0}{100}\right)^{5} = 210.03\) triệu đồng.",original,PUMKIN.DEV Standardized Bank 2025,CC BY-NC-SA 4.0,
q_gen_laikep_12,TSA,Toán 12,Đại số,Mô hình tăng trưởng hàm mũ & Lãi kép,skill_calculation;skill_reasoning,Trung bình,M2,75,single_choice,"Một người gửi 100 triệu đồng vào ngân hàng với lãi suất \(17.0\%\)/năm theo hình thức lãi kép hàng năm. Sau đúng 2 năm, người đó nhận được tổng số tiền cả gốc lẫn lãi là bao nhiêu triệu đồng (làm tròn 2 chữ số thập phân)?",\(136.89\text{ triệu đồng}\),\(134.00\text{ triệu đồng}\),\(150.58\text{ triệu đồng}\),\(117.00\text{ triệu đồng}\),A,"Công thức lãi kép: \(S_n = A(1 + r)^n\).
Thay số: \(S_{2} = 100 \left(1 + \frac{17.0}{100}\right)^{2} = 136.89\) triệu đồng.",original,PUMKIN.DEV Standardized Bank 2025,CC BY-NC-SA 4.0,
q_gen_laikep_13,TSA,Toán 12,Đại số,Mô hình tăng trưởng hàm mũ & Lãi kép,skill_calculation;skill_reasoning,Trung bình,M2,75,single_choice,"Một người gửi 100 triệu đồng vào ngân hàng với lãi suất \(18.0\%\)/năm theo hình thức lãi kép hàng năm. Sau đúng 3 năm, người đó nhận được tổng số tiền cả gốc lẫn lãi là bao nhiêu triệu đồng (làm tròn 2 chữ số thập phân)?",\(164.30\text{ triệu đồng}\),\(154.00\text{ triệu đồng}\),\(180.73\text{ triệu đồng}\),\(139.24\text{ triệu đồng}\),A,"Công thức lãi kép: \(S_n = A(1 + r)^n\).
Thay số: \(S_{3} = 100 \left(1 + \frac{18.0}{100}\right)^{3} = 164.30\) triệu đồng.",original,PUMKIN.DEV Standardized Bank 2025,CC BY-NC-SA 4.0,
q_gen_laikep_14,TSA,Toán 12,Đại số,Mô hình tăng trưởng hàm mũ & Lãi kép,skill_calculation;skill_reasoning,Trung bình,M2,75,single_choice,"Một người gửi 100 triệu đồng vào ngân hàng với lãi suất \(19.0\%\)/năm theo hình thức lãi kép hàng năm. Sau đúng 4 năm, người đó nhận được tổng số tiền cả gốc lẫn lãi là bao nhiêu triệu đồng (làm tròn 2 chữ số thập phân)?",\(200.53\text{ triệu đồng}\),\(176.00\text{ triệu đồng}\),\(220.58\text{ triệu đồng}\),\(168.52\text{ triệu đồng}\),A,"Công thức lãi kép: \(S_n = A(1 + r)^n\).
Thay số: \(S_{4} = 100 \left(1 + \frac{19.0}{100}\right)^{4} = 200.53\) triệu đồng.",original,PUMKIN.DEV Standardized Bank 2025,CC BY-NC-SA 4.0,
q_gen_matcau_1,TSA,Toán 12,Hình học,Mặt cầu & Khoảng cách trong Oxyz,skill_calculation;skill_reasoning,Trung bình,M2,75,single_choice,"Trong không gian \(Oxyz\), phương trình mặt cầu tâm \(I(1; 2; 3)\) và bán kính \(R = 4\) là:",\((x - 1)^2 + (y - 2)^2 + (z - 3)^2 = 16\),\((x + 1)^2 + (y + 2)^2 + (z + 3)^2 = 16\),\((x - 1)^2 + (y - 2)^2 + (z - 3)^2 = 4\),\((x + 1)^2 + (y + 2)^2 + (z + 3)^2 = 4\),A,"Phương trình mặt cầu tâm \(I(a; b; c)\) bán kính \(R\) có dạng: \((x - a)^2 + (y - b)^2 + (z - c)^2 = R^2\).
Thay tọa độ tâm \(I(1; 2; 3)\) và \(R = 4\) ta được: \((x - 1)^2 + (y - 2)^2 + (z - 3)^2 = 16\).",original,PUMKIN.DEV Standardized Bank 2025,CC BY-NC-SA 4.0,
q_gen_matcau_2,TSA,Toán 12,Hình học,Mặt cầu & Khoảng cách trong Oxyz,skill_calculation;skill_reasoning,Trung bình,M2,75,single_choice,"Trong không gian \(Oxyz\), phương trình mặt cầu tâm \(I(2; 3; 4)\) và bán kính \(R = 5\) là:",\((x - 2)^2 + (y - 3)^2 + (z - 4)^2 = 25\),\((x + 2)^2 + (y + 3)^2 + (z + 4)^2 = 25\),\((x - 2)^2 + (y - 3)^2 + (z - 4)^2 = 5\),\((x + 2)^2 + (y + 3)^2 + (z + 4)^2 = 5\),A,"Phương trình mặt cầu tâm \(I(a; b; c)\) bán kính \(R\) có dạng: \((x - a)^2 + (y - b)^2 + (z - c)^2 = R^2\).
Thay tọa độ tâm \(I(2; 3; 4)\) và \(R = 5\) ta được: \((x - 2)^2 + (y - 3)^2 + (z - 4)^2 = 25\).",original,PUMKIN.DEV Standardized Bank 2025,CC BY-NC-SA 4.0,
q_gen_matcau_3,TSA,Toán 12,Hình học,Mặt cầu & Khoảng cách trong Oxyz,skill_calculation;skill_reasoning,Trung bình,M2,75,single_choice,"Trong không gian \(Oxyz\), phương trình mặt cầu tâm \(I(3; 4; 5)\) và bán kính \(R = 6\) là:",\((x - 3)^2 + (y - 4)^2 + (z - 5)^2 = 36\),\((x + 3)^2 + (y + 4)^2 + (z + 5)^2 = 36\),\((x - 3)^2 + (y - 4)^2 + (z - 5)^2 = 6\),\((x + 3)^2 + (y + 4)^2 + (z + 5)^2 = 6\),A,"Phương trình mặt cầu tâm \(I(a; b; c)\) bán kính \(R\) có dạng: \((x - a)^2 + (y - b)^2 + (z - c)^2 = R^2\).
Thay tọa độ tâm \(I(3; 4; 5)\) và \(R = 6\) ta được: \((x - 3)^2 + (y - 4)^2 + (z - 5)^2 = 36\).",original,PUMKIN.DEV Standardized Bank 2025,CC BY-NC-SA 4.0,
q_gen_matcau_4,TSA,Toán 12,Hình học,Mặt cầu & Khoảng cách trong Oxyz,skill_calculation;skill_reasoning,Trung bình,M2,75,single_choice,"Trong không gian \(Oxyz\), phương trình mặt cầu tâm \(I(4; 5; 6)\) và bán kính \(R = 7\) là:",\((x - 4)^2 + (y - 5)^2 + (z - 6)^2 = 49\),\((x + 4)^2 + (y + 5)^2 + (z + 6)^2 = 49\),\((x - 4)^2 + (y - 5)^2 + (z - 6)^2 = 7\),\((x + 4)^2 + (y + 5)^2 + (z + 6)^2 = 7\),A,"Phương trình mặt cầu tâm \(I(a; b; c)\) bán kính \(R\) có dạng: \((x - a)^2 + (y - b)^2 + (z - c)^2 = R^2\).
Thay tọa độ tâm \(I(4; 5; 6)\) và \(R = 7\) ta được: \((x - 4)^2 + (y - 5)^2 + (z - 6)^2 = 49\).",original,PUMKIN.DEV Standardized Bank 2025,CC BY-NC-SA 4.0,
q_gen_matcau_5,TSA,Toán 12,Hình học,Mặt cầu & Khoảng cách trong Oxyz,skill_calculation;skill_reasoning,Trung bình,M2,75,single_choice,"Trong không gian \(Oxyz\), phương trình mặt cầu tâm \(I(5; 6; 7)\) và bán kính \(R = 8\) là:",\((x - 5)^2 + (y - 6)^2 + (z - 7)^2 = 64\),\((x + 5)^2 + (y + 6)^2 + (z + 7)^2 = 64\),\((x - 5)^2 + (y - 6)^2 + (z - 7)^2 = 8\),\((x + 5)^2 + (y + 6)^2 + (z + 7)^2 = 8\),A,"Phương trình mặt cầu tâm \(I(a; b; c)\) bán kính \(R\) có dạng: \((x - a)^2 + (y - b)^2 + (z - c)^2 = R^2\).
Thay tọa độ tâm \(I(5; 6; 7)\) và \(R = 8\) ta được: \((x - 5)^2 + (y - 6)^2 + (z - 7)^2 = 64\).",original,PUMKIN.DEV Standardized Bank 2025,CC BY-NC-SA 4.0,
q_gen_matcau_6,TSA,Toán 12,Hình học,Mặt cầu & Khoảng cách trong Oxyz,skill_calculation;skill_reasoning,Trung bình,M2,75,single_choice,"Trong không gian \(Oxyz\), phương trình mặt cầu tâm \(I(6; 7; 8)\) và bán kính \(R = 9\) là:",\((x - 6)^2 + (y - 7)^2 + (z - 8)^2 = 81\),\((x + 6)^2 + (y + 7)^2 + (z + 8)^2 = 81\),\((x - 6)^2 + (y - 7)^2 + (z - 8)^2 = 9\),\((x + 6)^2 + (y + 7)^2 + (z + 8)^2 = 9\),A,"Phương trình mặt cầu tâm \(I(a; b; c)\) bán kính \(R\) có dạng: \((x - a)^2 + (y - b)^2 + (z - c)^2 = R^2\).
Thay tọa độ tâm \(I(6; 7; 8)\) và \(R = 9\) ta được: \((x - 6)^2 + (y - 7)^2 + (z - 8)^2 = 81\).",original,PUMKIN.DEV Standardized Bank 2025,CC BY-NC-SA 4.0,
q_gen_matcau_7,TSA,Toán 12,Hình học,Mặt cầu & Khoảng cách trong Oxyz,skill_calculation;skill_reasoning,Trung bình,M2,75,single_choice,"Trong không gian \(Oxyz\), phương trình mặt cầu tâm \(I(7; 8; 9)\) và bán kính \(R = 10\) là:",\((x - 7)^2 + (y - 8)^2 + (z - 9)^2 = 100\),\((x + 7)^2 + (y + 8)^2 + (z + 9)^2 = 100\),\((x - 7)^2 + (y - 8)^2 + (z - 9)^2 = 10\),\((x + 7)^2 + (y + 8)^2 + (z + 9)^2 = 10\),A,"Phương trình mặt cầu tâm \(I(a; b; c)\) bán kính \(R\) có dạng: \((x - a)^2 + (y - b)^2 + (z - c)^2 = R^2\).
Thay tọa độ tâm \(I(7; 8; 9)\) và \(R = 10\) ta được: \((x - 7)^2 + (y - 8)^2 + (z - 9)^2 = 100\).",original,PUMKIN.DEV Standardized Bank 2025,CC BY-NC-SA 4.0,
q_gen_matcau_8,TSA,Toán 12,Hình học,Mặt cầu & Khoảng cách trong Oxyz,skill_calculation;skill_reasoning,Trung bình,M2,75,single_choice,"Trong không gian \(Oxyz\), phương trình mặt cầu tâm \(I(8; 9; 10)\) và bán kính \(R = 11\) là:",\((x - 8)^2 + (y - 9)^2 + (z - 10)^2 = 121\),\((x + 8)^2 + (y + 9)^2 + (z + 10)^2 = 121\),\((x - 8)^2 + (y - 9)^2 + (z - 10)^2 = 11\),\((x + 8)^2 + (y + 9)^2 + (z + 10)^2 = 11\),A,"Phương trình mặt cầu tâm \(I(a; b; c)\) bán kính \(R\) có dạng: \((x - a)^2 + (y - b)^2 + (z - c)^2 = R^2\).
Thay tọa độ tâm \(I(8; 9; 10)\) và \(R = 11\) ta được: \((x - 8)^2 + (y - 9)^2 + (z - 10)^2 = 121\).",original,PUMKIN.DEV Standardized Bank 2025,CC BY-NC-SA 4.0,
q_gen_matcau_9,TSA,Toán 12,Hình học,Mặt cầu & Khoảng cách trong Oxyz,skill_calculation;skill_reasoning,Trung bình,M2,75,single_choice,"Trong không gian \(Oxyz\), phương trình mặt cầu tâm \(I(9; 10; 11)\) và bán kính \(R = 12\) là:",\((x - 9)^2 + (y - 10)^2 + (z - 11)^2 = 144\),\((x + 9)^2 + (y + 10)^2 + (z + 11)^2 = 144\),\((x - 9)^2 + (y - 10)^2 + (z - 11)^2 = 12\),\((x + 9)^2 + (y + 10)^2 + (z + 11)^2 = 12\),A,"Phương trình mặt cầu tâm \(I(a; b; c)\) bán kính \(R\) có dạng: \((x - a)^2 + (y - b)^2 + (z - c)^2 = R^2\).
Thay tọa độ tâm \(I(9; 10; 11)\) và \(R = 12\) ta được: \((x - 9)^2 + (y - 10)^2 + (z - 11)^2 = 144\).",original,PUMKIN.DEV Standardized Bank 2025,CC BY-NC-SA 4.0,
q_gen_matcau_10,TSA,Toán 12,Hình học,Mặt cầu & Khoảng cách trong Oxyz,skill_calculation;skill_reasoning,Trung bình,M2,75,single_choice,"Trong không gian \(Oxyz\), phương trình mặt cầu tâm \(I(10; 11; 12)\) và bán kính \(R = 13\) là:",\((x - 10)^2 + (y - 11)^2 + (z - 12)^2 = 169\),\((x + 10)^2 + (y + 11)^2 + (z + 12)^2 = 169\),\((x - 10)^2 + (y - 11)^2 + (z - 12)^2 = 13\),\((x + 10)^2 + (y + 11)^2 + (z + 12)^2 = 13\),A,"Phương trình mặt cầu tâm \(I(a; b; c)\) bán kính \(R\) có dạng: \((x - a)^2 + (y - b)^2 + (z - c)^2 = R^2\).
Thay tọa độ tâm \(I(10; 11; 12)\) và \(R = 13\) ta được: \((x - 10)^2 + (y - 11)^2 + (z - 12)^2 = 169\).",original,PUMKIN.DEV Standardized Bank 2025,CC BY-NC-SA 4.0,
q_gen_matcau_11,TSA,Toán 12,Hình học,Mặt cầu & Khoảng cách trong Oxyz,skill_calculation;skill_reasoning,Trung bình,M2,75,single_choice,"Trong không gian \(Oxyz\), phương trình mặt cầu tâm \(I(11; 12; 13)\) và bán kính \(R = 14\) là:",\((x - 11)^2 + (y - 12)^2 + (z - 13)^2 = 196\),\((x + 11)^2 + (y + 12)^2 + (z + 13)^2 = 196\),\((x - 11)^2 + (y - 12)^2 + (z - 13)^2 = 14\),\((x + 11)^2 + (y + 12)^2 + (z + 13)^2 = 14\),A,"Phương trình mặt cầu tâm \(I(a; b; c)\) bán kính \(R\) có dạng: \((x - a)^2 + (y - b)^2 + (z - c)^2 = R^2\).
Thay tọa độ tâm \(I(11; 12; 13)\) và \(R = 14\) ta được: \((x - 11)^2 + (y - 12)^2 + (z - 13)^2 = 196\).",original,PUMKIN.DEV Standardized Bank 2025,CC BY-NC-SA 4.0,
q_gen_matcau_12,TSA,Toán 12,Hình học,Mặt cầu & Khoảng cách trong Oxyz,skill_calculation;skill_reasoning,Trung bình,M2,75,single_choice,"Trong không gian \(Oxyz\), phương trình mặt cầu tâm \(I(12; 13; 14)\) và bán kính \(R = 15\) là:",\((x - 12)^2 + (y - 13)^2 + (z - 14)^2 = 225\),\((x + 12)^2 + (y + 13)^2 + (z + 14)^2 = 225\),\((x - 12)^2 + (y - 13)^2 + (z - 14)^2 = 15\),\((x + 12)^2 + (y + 13)^2 + (z + 14)^2 = 15\),A,"Phương trình mặt cầu tâm \(I(a; b; c)\) bán kính \(R\) có dạng: \((x - a)^2 + (y - b)^2 + (z - c)^2 = R^2\).
Thay tọa độ tâm \(I(12; 13; 14)\) và \(R = 15\) ta được: \((x - 12)^2 + (y - 13)^2 + (z - 14)^2 = 225\).",original,PUMKIN.DEV Standardized Bank 2025,CC BY-NC-SA 4.0,
q_gen_tronxoay_1,TSA,Toán 12,Hình học,Thể tích khối đa diện & Khối tròn xoay,skill_calculation;skill_reasoning,Trung bình,M2,75,single_choice,Cho một hình nón có bán kính đáy \(r = 3\text{ cm}\) và chiều cao \(h = 5\text{ cm}\). Thể tích của khối nón đó là:,\(V = \frac{45\pi}{3}\text{ cm}^3\),\(V = 45\pi\text{ cm}^3\),\(V = \frac{45\pi}{2}\text{ cm}^3\),\(V = \frac{15\pi}{3}\text{ cm}^3\),A,"Công thức thể tích khối nón: \(V = \frac{1}{3}\pi r^2 h\).
Thay số: \(V = \frac{1}{3}\pi (3)^2 (5) = \frac{45\pi}{3}\text{ cm}^3\).",original,PUMKIN.DEV Standardized Bank 2025,CC BY-NC-SA 4.0,
q_gen_tronxoay_2,TSA,Toán 12,Hình học,Thể tích khối đa diện & Khối tròn xoay,skill_calculation;skill_reasoning,Trung bình,M2,75,single_choice,Cho một hình nón có bán kính đáy \(r = 4\text{ cm}\) và chiều cao \(h = 6\text{ cm}\). Thể tích của khối nón đó là:,\(V = \frac{96\pi}{3}\text{ cm}^3\),\(V = 96\pi\text{ cm}^3\),\(V = \frac{96\pi}{2}\text{ cm}^3\),\(V = \frac{24\pi}{3}\text{ cm}^3\),A,"Công thức thể tích khối nón: \(V = \frac{1}{3}\pi r^2 h\).
Thay số: \(V = \frac{1}{3}\pi (4)^2 (6) = \frac{96\pi}{3}\text{ cm}^3\).",original,PUMKIN.DEV Standardized Bank 2025,CC BY-NC-SA 4.0,
q_gen_tronxoay_3,TSA,Toán 12,Hình học,Thể tích khối đa diện & Khối tròn xoay,skill_calculation;skill_reasoning,Trung bình,M2,75,single_choice,Cho một hình nón có bán kính đáy \(r = 5\text{ cm}\) và chiều cao \(h = 7\text{ cm}\). Thể tích của khối nón đó là:,\(V = \frac{175\pi}{3}\text{ cm}^3\),\(V = 175\pi\text{ cm}^3\),\(V = \frac{175\pi}{2}\text{ cm}^3\),\(V = \frac{35\pi}{3}\text{ cm}^3\),A,"Công thức thể tích khối nón: \(V = \frac{1}{3}\pi r^2 h\).
Thay số: \(V = \frac{1}{3}\pi (5)^2 (7) = \frac{175\pi}{3}\text{ cm}^3\).",original,PUMKIN.DEV Standardized Bank 2025,CC BY-NC-SA 4.0,
q_gen_tronxoay_4,TSA,Toán 12,Hình học,Thể tích khối đa diện & Khối tròn xoay,skill_calculation;skill_reasoning,Trung bình,M2,75,single_choice,Cho một hình nón có bán kính đáy \(r = 6\text{ cm}\) và chiều cao \(h = 8\text{ cm}\). Thể tích của khối nón đó là:,\(V = \frac{288\pi}{3}\text{ cm}^3\),\(V = 288\pi\text{ cm}^3\),\(V = \frac{288\pi}{2}\text{ cm}^3\),\(V = \frac{48\pi}{3}\text{ cm}^3\),A,"Công thức thể tích khối nón: \(V = \frac{1}{3}\pi r^2 h\).
Thay số: \(V = \frac{1}{3}\pi (6)^2 (8) = \frac{288\pi}{3}\text{ cm}^3\).",original,PUMKIN.DEV Standardized Bank 2025,CC BY-NC-SA 4.0,
q_gen_tronxoay_5,TSA,Toán 12,Hình học,Thể tích khối đa diện & Khối tròn xoay,skill_calculation;skill_reasoning,Trung bình,M2,75,single_choice,Cho một hình nón có bán kính đáy \(r = 7\text{ cm}\) và chiều cao \(h = 9\text{ cm}\). Thể tích của khối nón đó là:,\(V = \frac{441\pi}{3}\text{ cm}^3\),\(V = 441\pi\text{ cm}^3\),\(V = \frac{441\pi}{2}\text{ cm}^3\),\(V = \frac{63\pi}{3}\text{ cm}^3\),A,"Công thức thể tích khối nón: \(V = \frac{1}{3}\pi r^2 h\).
Thay số: \(V = \frac{1}{3}\pi (7)^2 (9) = \frac{441\pi}{3}\text{ cm}^3\).",original,PUMKIN.DEV Standardized Bank 2025,CC BY-NC-SA 4.0,
q_gen_tronxoay_6,TSA,Toán 12,Hình học,Thể tích khối đa diện & Khối tròn xoay,skill_calculation;skill_reasoning,Trung bình,M2,75,single_choice,Cho một hình nón có bán kính đáy \(r = 8\text{ cm}\) và chiều cao \(h = 10\text{ cm}\). Thể tích của khối nón đó là:,\(V = \frac{640\pi}{3}\text{ cm}^3\),\(V = 640\pi\text{ cm}^3\),\(V = \frac{640\pi}{2}\text{ cm}^3\),\(V = \frac{80\pi}{3}\text{ cm}^3\),A,"Công thức thể tích khối nón: \(V = \frac{1}{3}\pi r^2 h\).
Thay số: \(V = \frac{1}{3}\pi (8)^2 (10) = \frac{640\pi}{3}\text{ cm}^3\).",original,PUMKIN.DEV Standardized Bank 2025,CC BY-NC-SA 4.0,
q_gen_tronxoay_7,TSA,Toán 12,Hình học,Thể tích khối đa diện & Khối tròn xoay,skill_calculation;skill_reasoning,Trung bình,M2,75,single_choice,Cho một hình nón có bán kính đáy \(r = 9\text{ cm}\) và chiều cao \(h = 11\text{ cm}\). Thể tích của khối nón đó là:,\(V = \frac{891\pi}{3}\text{ cm}^3\),\(V = 891\pi\text{ cm}^3\),\(V = \frac{891\pi}{2}\text{ cm}^3\),\(V = \frac{99\pi}{3}\text{ cm}^3\),A,"Công thức thể tích khối nón: \(V = \frac{1}{3}\pi r^2 h\).
Thay số: \(V = \frac{1}{3}\pi (9)^2 (11) = \frac{891\pi}{3}\text{ cm}^3\).",original,PUMKIN.DEV Standardized Bank 2025,CC BY-NC-SA 4.0,
q_gen_tronxoay_8,TSA,Toán 12,Hình học,Thể tích khối đa diện & Khối tròn xoay,skill_calculation;skill_reasoning,Trung bình,M2,75,single_choice,Cho một hình nón có bán kính đáy \(r = 10\text{ cm}\) và chiều cao \(h = 12\text{ cm}\). Thể tích của khối nón đó là:,\(V = \frac{1200\pi}{3}\text{ cm}^3\),\(V = 1200\pi\text{ cm}^3\),\(V = \frac{1200\pi}{2}\text{ cm}^3\),\(V = \frac{120\pi}{3}\text{ cm}^3\),A,"Công thức thể tích khối nón: \(V = \frac{1}{3}\pi r^2 h\).
Thay số: \(V = \frac{1}{3}\pi (10)^2 (12) = \frac{1200\pi}{3}\text{ cm}^3\).",original,PUMKIN.DEV Standardized Bank 2025,CC BY-NC-SA 4.0,
q_gen_cuctri_1,TSA,Toán 12,Giải tích,Cực trị & Tính đơn điệu hàm số,skill_calculation;skill_reasoning,Trung bình,M2,75,single_choice,Tìm điểm cực đại của hàm số \(y = x^3 - 12x + 5\).,\(x = -2\),\(x = 2\),\(x = 0\),\(x = 4\),A,"Đạo hàm: \(y' = 3x^2 - 12 = 3(x - 2)(x + 2)\).
\(y' = 0 \iff x = \pm 2\).
Bảng biến thiên cho thấy đạo hàm đổi dấu từ dương sang âm khi qua điểm \(x = -2\), do đó điểm cực đại là \(x = -2\) (điểm cực tiểu là \(x = 2\)).",original,PUMKIN.DEV Standardized Bank 2025,CC BY-NC-SA 4.0,
q_gen_cuctri_2,TSA,Toán 12,Giải tích,Cực trị & Tính đơn điệu hàm số,skill_calculation;skill_reasoning,Trung bình,M2,75,single_choice,Tìm điểm cực đại của hàm số \(y = x^3 - 27x + 5\).,\(x = -3\),\(x = 3\),\(x = 0\),\(x = 9\),A,"Đạo hàm: \(y' = 3x^2 - 27 = 3(x - 3)(x + 3)\).
\(y' = 0 \iff x = \pm 3\).
Bảng biến thiên cho thấy đạo hàm đổi dấu từ dương sang âm khi qua điểm \(x = -3\), do đó điểm cực đại là \(x = -3\) (điểm cực tiểu là \(x = 3\)).",original,PUMKIN.DEV Standardized Bank 2025,CC BY-NC-SA 4.0,
q_gen_cuctri_3,TSA,Toán 12,Giải tích,Cực trị & Tính đơn điệu hàm số,skill_calculation;skill_reasoning,Trung bình,M2,75,single_choice,Tìm điểm cực đại của hàm số \(y = x^3 - 48x + 5\).,\(x = -4\),\(x = 4\),\(x = 0\),\(x = 16\),A,"Đạo hàm: \(y' = 3x^2 - 48 = 3(x - 4)(x + 4)\).
\(y' = 0 \iff x = \pm 4\).
Bảng biến thiên cho thấy đạo hàm đổi dấu từ dương sang âm khi qua điểm \(x = -4\), do đó điểm cực đại là \(x = -4\) (điểm cực tiểu là \(x = 4\)).",original,PUMKIN.DEV Standardized Bank 2025,CC BY-NC-SA 4.0,
q_gen_cuctri_4,TSA,Toán 12,Giải tích,Cực trị & Tính đơn điệu hàm số,skill_calculation;skill_reasoning,Trung bình,M2,75,single_choice,Tìm điểm cực đại của hàm số \(y = x^3 - 75x + 5\).,\(x = -5\),\(x = 5\),\(x = 0\),\(x = 25\),A,"Đạo hàm: \(y' = 3x^2 - 75 = 3(x - 5)(x + 5)\).
\(y' = 0 \iff x = \pm 5\).
Bảng biến thiên cho thấy đạo hàm đổi dấu từ dương sang âm khi qua điểm \(x = -5\), do đó điểm cực đại là \(x = -5\) (điểm cực tiểu là \(x = 5\)).",original,PUMKIN.DEV Standardized Bank 2025,CC BY-NC-SA 4.0,
q_gen_cuctri_5,TSA,Toán 12,Giải tích,Cực trị & Tính đơn điệu hàm số,skill_calculation;skill_reasoning,Trung bình,M2,75,single_choice,Tìm điểm cực đại của hàm số \(y = x^3 - 108x + 5\).,\(x = -6\),\(x = 6\),\(x = 0\),\(x = 36\),A,"Đạo hàm: \(y' = 3x^2 - 108 = 3(x - 6)(x + 6)\).
\(y' = 0 \iff x = \pm 6\).
Bảng biến thiên cho thấy đạo hàm đổi dấu từ dương sang âm khi qua điểm \(x = -6\), do đó điểm cực đại là \(x = -6\) (điểm cực tiểu là \(x = 6\)).",original,PUMKIN.DEV Standardized Bank 2025,CC BY-NC-SA 4.0,
q_gen_log_1,TSA,Toán 12,Đại số,"Phương trình, Bất phương trình Mũ & Logarit",skill_calculation;skill_reasoning,Trung bình,M2,75,single_choice,Nghiệm của phương trình \(\log_{2}(2x + 1) = 3\) là:,\(x = \frac{7}{2}\),\(x = \frac{8}{2}\),\(x = 7\),\(x = \frac{9}{2}\),A,"Điều kiện xác định: \(2x + 1 > 0 \iff x > -\frac{1}{2}\).
Phương trình tương đương: \(2x + 1 = 2^{3} = 8 \iff 2x = 7 \iff x = \frac{7}{2}\) (thỏa mãn điều kiện).",original,PUMKIN.DEV Standardized Bank 2025,CC BY-NC-SA 4.0,
q_gen_log_2,TSA,Toán 12,Đại số,"Phương trình, Bất phương trình Mũ & Logarit",skill_calculation;skill_reasoning,Trung bình,M2,75,single_choice,Nghiệm của phương trình \(\log_{3}(2x + 1) = 4\) là:,\(x = \frac{80}{2}\),\(x = \frac{81}{2}\),\(x = 80\),\(x = \frac{82}{2}\),A,"Điều kiện xác định: \(2x + 1 > 0 \iff x > -\frac{1}{2}\).
Phương trình tương đương: \(2x + 1 = 3^{4} = 81 \iff 2x = 80 \iff x = \frac{80}{2}\) (thỏa mãn điều kiện).",original,PUMKIN.DEV Standardized Bank 2025,CC BY-NC-SA 4.0,
q_gen_log_3,TSA,Toán 12,Đại số,"Phương trình, Bất phương trình Mũ & Logarit",skill_calculation;skill_reasoning,Trung bình,M2,75,single_choice,Nghiệm của phương trình \(\log_{4}(2x + 1) = 5\) là:,\(x = \frac{1023}{2}\),\(x = \frac{1024}{2}\),\(x = 1023\),\(x = \frac{1025}{2}\),A,"Điều kiện xác định: \(2x + 1 > 0 \iff x > -\frac{1}{2}\).
Phương trình tương đương: \(2x + 1 = 4^{5} = 1024 \iff 2x = 1023 \iff x = \frac{1023}{2}\) (thỏa mãn điều kiện).",original,PUMKIN.DEV Standardized Bank 2025,CC BY-NC-SA 4.0,
q_gen_log_4,TSA,Toán 12,Đại số,"Phương trình, Bất phương trình Mũ & Logarit",skill_calculation;skill_reasoning,Trung bình,M2,75,single_choice,Nghiệm của phương trình \(\log_{5}(2x + 1) = 6\) là:,\(x = \frac{15624}{2}\),\(x = \frac{15625}{2}\),\(x = 15624\),\(x = \frac{15626}{2}\),A,"Điều kiện xác định: \(2x + 1 > 0 \iff x > -\frac{1}{2}\).
Phương trình tương đương: \(2x + 1 = 5^{6} = 15625 \iff 2x = 15624 \iff x = \frac{15624}{2}\) (thỏa mãn điều kiện).",original,PUMKIN.DEV Standardized Bank 2025,CC BY-NC-SA 4.0,
q_gen_log_5,TSA,Toán 12,Đại số,"Phương trình, Bất phương trình Mũ & Logarit",skill_calculation;skill_reasoning,Trung bình,M2,75,single_choice,Nghiệm của phương trình \(\log_{6}(2x + 1) = 7\) là:,\(x = \frac{279935}{2}\),\(x = \frac{279936}{2}\),\(x = 279935\),\(x = \frac{279937}{2}\),A,"Điều kiện xác định: \(2x + 1 > 0 \iff x > -\frac{1}{2}\).
Phương trình tương đương: \(2x + 1 = 6^{7} = 279936 \iff 2x = 279935 \iff x = \frac{279935}{2}\) (thỏa mãn điều kiện).",original,PUMKIN.DEV Standardized Bank 2025,CC BY-NC-SA 4.0,
q_boost_integral_01,TSA,Toán 12,Giải tích,Nguyên hàm & Tích phân đa phương pháp,skill_calculation;skill_reasoning,Trung bình,M2,75,single_choice,Tìm nguyên hàm \(\int (3x^2 - 4x + 1) dx\).,\(x^3 - 2x^2 + x + C\),\(3x^3 - 4x^2 + x + C\),\(x^3 - 4x^2 + x + C\),\(6x - 4 + C\),A,"Áp dụng công thức nguyên hàm cơ bản: \(\int 3x^2 dx = x^3\), \(\int -4x dx = -2x^2\), \(\int 1 dx = x\). Vậy nguyên hàm là \(x^3 - 2x^2 + x + C\).",original,PUMKIN.DEV Standardized Bank 2025,CC BY-NC-SA 4.0,
q_boost_integral_02,TSA,Toán 12,Giải tích,Nguyên hàm & Tích phân đa phương pháp,skill_calculation;skill_reasoning,Trung bình,M2,75,single_choice,Tính tích phân \(I = \int_0^1 e^{2x} dx\).,\(\frac{e^2 - 1}{2}\),\(e^2 - 1\),\(2(e^2 - 1)\),\(\frac{e^2}{2}\),A,Áp dụng nguyên hàm \(\int e^{ax} dx = \frac{1}{a}e^{ax} + C\). Ta có: \(I = \left[\frac{1}{2}e^{2x}\right]_0^1 = \frac{e^2 - e^0}{2} = \frac{e^2 - 1}{2}\).,original,PUMKIN.DEV Standardized Bank 2025,CC BY-NC-SA 4.0,
q_boost_integral_03,TSA,Toán 12,Giải tích,Nguyên hàm & Tích phân đa phương pháp,skill_calculation;skill_reasoning,Trung bình,M2,75,single_choice,Tính tích phân \(J = \int_1^e \frac{\ln x}{x} dx\).,\(\frac{1}{2}\),\(1\),\(2\),\(\frac{1}{e}\),A,"Đặt \(t = \ln x \implies dt = \frac{1}{x} dx\). Đổi cận: \(x = 1 \implies t = 0\); \(x = e \implies t = 1\).
Do đó \(J = \int_0^1 t dt = \left[\frac{t^2}{2}\right]_0^1 = \frac{1}{2}\).",original,PUMKIN.DEV Standardized Bank 2025,CC BY-NC-SA 4.0,
q_boost_plane_01,TSA,Toán 12,Hình học,Phương trình Mặt phẳng & Đường thẳng Oxyz,skill_calculation;skill_reasoning,Trung bình,M2,75,single_choice,"Trong không gian \(Oxyz\), vectơ nào dưới đây là một vectơ pháp tuyến của mặt phẳng \((P): 2x - 3y + 4z - 5 = 0\)?",\(\vec{n}_1 = (2; -3; 4)\),\(\vec{n}_2 = (2; 3; 4)\),\(\vec{n}_3 = (-2; -3; 4)\),\(\vec{n}_4 = (2; -3; -5)\),A,Mặt phẳng có dạng tổng quát \(Ax + By + Cz + D = 0\) có vectơ pháp tuyến là \(\vec{n} = (A; B; C)\). Do đó \(\vec{n} = (2; -3; 4)\).,original,PUMKIN.DEV Standardized Bank 2025,CC BY-NC-SA 4.0,
q_boost_plane_02,TSA,Toán 12,Hình học,Phương trình Mặt phẳng & Đường thẳng Oxyz,skill_calculation;skill_reasoning,Trung bình,M2,75,single_choice,"Trong không gian \(Oxyz\), phương trình chính tắc của đường thẳng đi qua điểm \(M(1; -2; 3)\) và có vectơ chỉ phương \(\vec{u} = (2; 1; -4)\) là:",\(\frac{x - 1}{2} = \frac{y + 2}{1} = \frac{z - 3}{-4}\),\(\frac{x + 1}{2} = \frac{y - 2}{1} = \frac{z + 3}{-4}\),\(\frac{x - 2}{1} = \frac{y - 1}{-2} = \frac{z + 4}{3}\),\(\frac{x - 1}{2} = \frac{y - 2}{1} = \frac{z - 3}{-4}\),A,"Phương trình chính tắc đường thẳng qua \(M(x_0; y_0; z_0)\) VTCP \(\vec{u} = (a; b; c)\) là: \(\frac{x - x_0}{a} = \frac{y - y_0}{b} = \frac{z - z_0}{c}\).
Thay tọa độ ta có: \(\frac{x - 1}{2} = \frac{y + 2}{1} = \frac{z - 3}{-4}\).",original,PUMKIN.DEV Standardized Bank 2025,CC BY-NC-SA 4.0,
q_boost_comb_01,TSA,Toán 12,Xác suất,"Quy tắc đếm, Tổ hợp & Xác suất cổ điển",skill_calculation;skill_reasoning,Trung bình,M2,75,single_choice,"Có bao nhiêu cách chọn một ban chấp hành gồm 1 chủ tịch, 1 phó chủ tịch và 1 thư ký từ một câu lạc bộ có 10 thành viên (mỗi người chỉ giữ tối đa một chức vụ)?",\(720\),\(120\),\(30\),\(1000\),A,Chọn 3 người từ 10 người và phân vào 3 vị trí chức vụ khác nhau là số chỉnh hợp chập 3 của 10: \(A_{10}^3 = 10 \times 9 \times 8 = 720\) cách.,original,PUMKIN.DEV Standardized Bank 2025,CC BY-NC-SA 4.0,
q_boost_comb_02,TSA,Toán 12,Xác suất,"Quy tắc đếm, Tổ hợp & Xác suất cổ điển",skill_calculation;skill_reasoning,Trung bình,M2,75,single_choice,Một hộp đựng 5 viên bi xanh và 4 viên bi đỏ. Lấy ngẫu nhiên đồng thời 3 viên bi. Xác suất để trong 3 viên bi lấy ra có đúng 2 viên bi xanh là:,\(\frac{10}{21}\),\(\frac{5}{14}\),\(\frac{20}{84}\),\(\frac{5}{21}\),A,"Số phần tử không gian mẫu: \(n(\Omega) = C_9^3 = \frac{9 \times 8 \times 7}{6} = 84\).
Số cách chọn đúng 2 bi xanh (và 1 bi đỏ): \(n(A) = C_5^2 \times C_4^1 = 10 \times 4 = 40\).
Xác suất: \(P(A) = \frac{40}{84} = \frac{10}{21}\).",original,PUMKIN.DEV Standardized Bank 2025,CC BY-NC-SA 4.0,
q_gen_m1_1,THPT,Toan 12,Giai tich,Ham so,skill_recognition,De,M1,30,single_choice,Khang dinh nao sau day la dung ve ham so y = 1x + 1?,Dao ham bang 1,Dao ham bang 1,Dao ham bang 1x,Khong co dao ham,A,Dao ham cua ham so bac nhat y = ax + b la a.,generated,PUMKIN.DEV M1 Gen,CC BY-NC-SA 4.0,kb_toan12_01
q_gen_m1_2,THPT,Toan 12,Giai tich,Ham so,skill_recognition,De,M1,30,single_choice,Khang dinh nao sau day la dung ve ham so y = 2x + 1?,Dao ham bang 2,Dao ham bang 1,Dao ham bang 2x,Khong co dao ham,A,Dao ham cua ham so bac nhat y = ax + b la a.,generated,PUMKIN.DEV M1 Gen,CC BY-NC-SA 4.0,kb_toan12_01
q_gen_m1_3,THPT,Toan 12,Giai tich,Ham so,skill_recognition,De,M1,30,single_choice,Khang dinh nao sau day la dung ve ham so y = 3x + 1?,Dao ham bang 3,Dao ham bang 1,Dao ham bang 3x,Khong co dao ham,A,Dao ham cua ham so bac nhat y = ax + b la a.,generated,PUMKIN.DEV M1 Gen,CC BY-NC-SA 4.0,kb_toan12_01
q_gen_m1_4,THPT,Toan 12,Giai tich,Ham so,skill_recognition,De,M1,30,single_choice,Khang dinh nao sau day la dung ve ham so y = 4x + 1?,Dao ham bang 4,Dao ham bang 1,Dao ham bang 4x,Khong co dao ham,A,Dao ham cua ham so bac nhat y = ax + b la a.,generated,PUMKIN.DEV M1 Gen,CC BY-NC-SA 4.0,kb_toan12_01
q_gen_m1_5,THPT,Toan 12,Giai tich,Ham so,skill_recognition,De,M1,30,single_choice,Khang dinh nao sau day la dung ve ham so y = 5x + 1?,Dao ham bang 5,Dao ham bang 1,Dao ham bang 5x,Khong co dao ham,A,Dao ham cua ham so bac nhat y = ax + b la a.,generated,PUMKIN.DEV M1 Gen,CC BY-NC-SA 4.0,kb_toan12_01
q_gen_m1_6,THPT,Toan 12,Giai tich,Ham so,skill_recognition,De,M1,30,single_choice,Khang dinh nao sau day la dung ve ham so y = 6x + 1?,Dao ham bang 6,Dao ham bang 1,Dao ham bang 6x,Khong co dao ham,A,Dao ham cua ham so bac nhat y = ax + b la a.,generated,PUMKIN.DEV M1 Gen,CC BY-NC-SA 4.0,kb_toan12_01
q_gen_m1_7,THPT,Toan 12,Giai tich,Ham so,skill_recognition,De,M1,30,single_choice,Khang dinh nao sau day la dung ve ham so y = 7x + 1?,Dao ham bang 7,Dao ham bang 1,Dao ham bang 7x,Khong co dao ham,A,Dao ham cua ham so bac nhat y = ax + b la a.,generated,PUMKIN.DEV M1 Gen,CC BY-NC-SA 4.0,kb_toan12_01
q_gen_m1_8,THPT,Toan 12,Giai tich,Ham so,skill_recognition,De,M1,30,single_choice,Khang dinh nao sau day la dung ve ham so y = 8x + 1?,Dao ham bang 8,Dao ham bang 1,Dao ham bang 8x,Khong co dao ham,A,Dao ham cua ham so bac nhat y = ax + b la a.,generated,PUMKIN.DEV M1 Gen,CC BY-NC-SA 4.0,kb_toan12_01
q_gen_m1_9,THPT,Toan 12,Giai tich,Ham so,skill_recognition,De,M1,30,single_choice,Khang dinh nao sau day la dung ve ham so y = 9x + 1?,Dao ham bang 9,Dao ham bang 1,Dao ham bang 9x,Khong co dao ham,A,Dao ham cua ham so bac nhat y = ax + b la a.,generated,PUMKIN.DEV M1 Gen,CC BY-NC-SA 4.0,kb_toan12_01
q_gen_m1_10,THPT,Toan 12,Giai tich,Ham so,skill_recognition,De,M1,30,single_choice,Khang dinh nao sau day la dung ve ham so y = 10x + 1?,Dao ham bang 10,Dao ham bang 1,Dao ham bang 10x,Khong co dao ham,A,Dao ham cua ham so bac nhat y = ax + b la a.,generated,PUMKIN.DEV M1 Gen,CC BY-NC-SA 4.0,kb_toan12_01
q_gen_m1_11,THPT,Toan 12,Giai tich,Ham so,skill_recognition,De,M1,30,single_choice,Khang dinh nao sau day la dung ve ham so y = 11x + 1?,Dao ham bang 11,Dao ham bang 1,Dao ham bang 11x,Khong co dao ham,A,Dao ham cua ham so bac nhat y = ax + b la a.,generated,PUMKIN.DEV M1 Gen,CC BY-NC-SA 4.0,kb_toan12_01
q_gen_m1_12,THPT,Toan 12,Giai tich,Ham so,skill_recognition,De,M1,30,single_choice,Khang dinh nao sau day la dung ve ham so y = 12x + 1?,Dao ham bang 12,Dao ham bang 1,Dao ham bang 12x,Khong co dao ham,A,Dao ham cua ham so bac nhat y = ax + b la a.,generated,PUMKIN.DEV M1 Gen,CC BY-NC-SA 4.0,kb_toan12_01
q_gen_m1_13,THPT,Toan 12,Giai tich,Ham so,skill_recognition,De,M1,30,single_choice,Khang dinh nao sau day la dung ve ham so y = 13x + 1?,Dao ham bang 13,Dao ham bang 1,Dao ham bang 13x,Khong co dao ham,A,Dao ham cua ham so bac nhat y = ax + b la a.,generated,PUMKIN.DEV M1 Gen,CC BY-NC-SA 4.0,kb_toan12_01
q_gen_m1_14,THPT,Toan 12,Giai tich,Ham so,skill_recognition,De,M1,30,single_choice,Khang dinh nao sau day la dung ve ham so y = 14x + 1?,Dao ham bang 14,Dao ham bang 1,Dao ham bang 14x,Khong co dao ham,A,Dao ham cua ham so bac nhat y = ax + b la a.,generated,PUMKIN.DEV M1 Gen,CC BY-NC-SA 4.0,kb_toan12_01
q_gen_m1_15,THPT,Toan 12,Giai tich,Ham so,skill_recognition,De,M1,30,single_choice,Khang dinh nao sau day la dung ve ham so y = 15x + 1?,Dao ham bang 15,Dao ham bang 1,Dao ham bang 15x,Khong co dao ham,A,Dao ham cua ham so bac nhat y = ax + b la a.,generated,PUMKIN.DEV M1 Gen,CC BY-NC-SA 4.0,kb_toan12_01
q_gen_m1_16,THPT,Toan 12,Giai tich,Ham so,skill_recognition,De,M1,30,single_choice,Khang dinh nao sau day la dung ve ham so y = 16x + 1?,Dao ham bang 16,Dao ham bang 1,Dao ham bang 16x,Khong co dao ham,A,Dao ham cua ham so bac nhat y = ax + b la a.,generated,PUMKIN.DEV M1 Gen,CC BY-NC-SA 4.0,kb_toan12_01
q_gen_m1_17,THPT,Toan 12,Giai tich,Ham so,skill_recognition,De,M1,30,single_choice,Khang dinh nao sau day la dung ve ham so y = 17x + 1?,Dao ham bang 17,Dao ham bang 1,Dao ham bang 17x,Khong co dao ham,A,Dao ham cua ham so bac nhat y = ax + b la a.,generated,PUMKIN.DEV M1 Gen,CC BY-NC-SA 4.0,kb_toan12_01
q_gen_m1_18,THPT,Toan 12,Giai tich,Ham so,skill_recognition,De,M1,30,single_choice,Khang dinh nao sau day la dung ve ham so y = 18x + 1?,Dao ham bang 18,Dao ham bang 1,Dao ham bang 18x,Khong co dao ham,A,Dao ham cua ham so bac nhat y = ax + b la a.,generated,PUMKIN.DEV M1 Gen,CC BY-NC-SA 4.0,kb_toan12_01
q_gen_m1_19,THPT,Toan 12,Giai tich,Ham so,skill_recognition,De,M1,30,single_choice,Khang dinh nao sau day la dung ve ham so y = 19x + 1?,Dao ham bang 19,Dao ham bang 1,Dao ham bang 19x,Khong co dao ham,A,Dao ham cua ham so bac nhat y = ax + b la a.,generated,PUMKIN.DEV M1 Gen,CC BY-NC-SA 4.0,kb_toan12_01
q_gen_m1_20,THPT,Toan 12,Giai tich,Ham so,skill_recognition,De,M1,30,single_choice,Khang dinh nao sau day la dung ve ham so y = 20x + 1?,Dao ham bang 20,Dao ham bang 1,Dao ham bang 20x,Khong co dao ham,A,Dao ham cua ham so bac nhat y = ax + b la a.,generated,PUMKIN.DEV M1 Gen,CC BY-NC-SA 4.0,kb_toan12_01
q_gen_m1_21,THPT,Toan 12,Giai tich,Ham so,skill_recognition,De,M1,30,single_choice,Khang dinh nao sau day la dung ve ham so y = 21x + 1?,Dao ham bang 21,Dao ham bang 1,Dao ham bang 21x,Khong co dao ham,A,Dao ham cua ham so bac nhat y = ax + b la a.,generated,PUMKIN.DEV M1 Gen,CC BY-NC-SA 4.0,kb_toan12_01
q_gen_m1_22,THPT,Toan 12,Giai tich,Ham so,skill_recognition,De,M1,30,single_choice,Khang dinh nao sau day la dung ve ham so y = 22x + 1?,Dao ham bang 22,Dao ham bang 1,Dao ham bang 22x,Khong co dao ham,A,Dao ham cua ham so bac nhat y = ax + b la a.,generated,PUMKIN.DEV M1 Gen,CC BY-NC-SA 4.0,kb_toan12_01
q_gen_m1_23,THPT,Toan 12,Giai tich,Ham so,skill_recognition,De,M1,30,single_choice,Khang dinh nao sau day la dung ve ham so y = 23x + 1?,Dao ham bang 23,Dao ham bang 1,Dao ham bang 23x,Khong co dao ham,A,Dao ham cua ham so bac nhat y = ax + b la a.,generated,PUMKIN.DEV M1 Gen,CC BY-NC-SA 4.0,kb_toan12_01
q_gen_m1_24,THPT,Toan 12,Giai tich,Ham so,skill_recognition,De,M1,30,single_choice,Khang dinh nao sau day la dung ve ham so y = 24x + 1?,Dao ham bang 24,Dao ham bang 1,Dao ham bang 24x,Khong co dao ham,A,Dao ham cua ham so bac nhat y = ax + b la a.,generated,PUMKIN.DEV M1 Gen,CC BY-NC-SA 4.0,kb_toan12_01
q_gen_m1_25,THPT,Toan 12,Giai tich,Ham so,skill_recognition,De,M1,30,single_choice,Khang dinh nao sau day la dung ve ham so y = 25x + 1?,Dao ham bang 25,Dao ham bang 1,Dao ham bang 25x,Khong co dao ham,A,Dao ham cua ham so bac nhat y = ax + b la a.,generated,PUMKIN.DEV M1 Gen,CC BY-NC-SA 4.0,kb_toan12_01
q_gen_m1_26,THPT,Toan 12,Giai tich,Ham so,skill_recognition,De,M1,30,single_choice,Khang dinh nao sau day la dung ve ham so y = 26x + 1?,Dao ham bang 26,Dao ham bang 1,Dao ham bang 26x,Khong co dao ham,A,Dao ham cua ham so bac nhat y = ax + b la a.,generated,PUMKIN.DEV M1 Gen,CC BY-NC-SA 4.0,kb_toan12_01
q_gen_m1_27,THPT,Toan 12,Giai tich,Ham so,skill_recognition,De,M1,30,single_choice,Khang dinh nao sau day la dung ve ham so y = 27x + 1?,Dao ham bang 27,Dao ham bang 1,Dao ham bang 27x,Khong co dao ham,A,Dao ham cua ham so bac nhat y = ax + b la a.,generated,PUMKIN.DEV M1 Gen,CC BY-NC-SA 4.0,kb_toan12_01
q_gen_m1_28,THPT,Toan 12,Giai tich,Ham so,skill_recognition,De,M1,30,single_choice,Khang dinh nao sau day la dung ve ham so y = 28x + 1?,Dao ham bang 28,Dao ham bang 1,Dao ham bang 28x,Khong co dao ham,A,Dao ham cua ham so bac nhat y = ax + b la a.,generated,PUMKIN.DEV M1 Gen,CC BY-NC-SA 4.0,kb_toan12_01
q_gen_m1_29,THPT,Toan 12,Giai tich,Ham so,skill_recognition,De,M1,30,single_choice,Khang dinh nao sau day la dung ve ham so y = 29x + 1?,Dao ham bang 29,Dao ham bang 1,Dao ham bang 29x,Khong co dao ham,A,Dao ham cua ham so bac nhat y = ax + b la a.,generated,PUMKIN.DEV M1 Gen,CC BY-NC-SA 4.0,kb_toan12_01
q_gen_m1_30,THPT,Toan 12,Giai tich,Ham so,skill_recognition,De,M1,30,single_choice,Khang dinh nao sau day la dung ve ham so y = 30x + 1?,Dao ham bang 30,Dao ham bang 1,Dao ham bang 30x,Khong co dao ham,A,Dao ham cua ham so bac nhat y = ax + b la a.,generated,PUMKIN.DEV M1 Gen,CC BY-NC-SA 4.0,kb_toan12_01
q_gen_m1_31,THPT,Toan 12,Giai tich,Ham so,skill_recognition,De,M1,30,single_choice,Khang dinh nao sau day la dung ve ham so y = 31x + 1?,Dao ham bang 31,Dao ham bang 1,Dao ham bang 31x,Khong co dao ham,A,Dao ham cua ham so bac nhat y = ax + b la a.,generated,PUMKIN.DEV M1 Gen,CC BY-NC-SA 4.0,kb_toan12_01
q_gen_m1_32,THPT,Toan 12,Giai tich,Ham so,skill_recognition,De,M1,30,single_choice,Khang dinh nao sau day la dung ve ham so y = 32x + 1?,Dao ham bang 32,Dao ham bang 1,Dao ham bang 32x,Khong co dao ham,A,Dao ham cua ham so bac nhat y = ax + b la a.,generated,PUMKIN.DEV M1 Gen,CC BY-NC-SA 4.0,kb_toan12_01
q_gen_m1_33,THPT,Toan 12,Giai tich,Ham so,skill_recognition,De,M1,30,single_choice,Khang dinh nao sau day la dung ve ham so y = 33x + 1?,Dao ham bang 33,Dao ham bang 1,Dao ham bang 33x,Khong co dao ham,A,Dao ham cua ham so bac nhat y = ax + b la a.,generated,PUMKIN.DEV M1 Gen,CC BY-NC-SA 4.0,kb_toan12_01
q_gen_m1_34,THPT,Toan 12,Giai tich,Ham so,skill_recognition,De,M1,30,single_choice,Khang dinh nao sau day la dung ve ham so y = 34x + 1?,Dao ham bang 34,Dao ham bang 1,Dao ham bang 34x,Khong co dao ham,A,Dao ham cua ham so bac nhat y = ax + b la a.,generated,PUMKIN.DEV M1 Gen,CC BY-NC-SA 4.0,kb_toan12_01
q_gen_m1_35,THPT,Toan 12,Giai tich,Ham so,skill_recognition,De,M1,30,single_choice,Khang dinh nao sau day la dung ve ham so y = 35x + 1?,Dao ham bang 35,Dao ham bang 1,Dao ham bang 35x,Khong co dao ham,A,Dao ham cua ham so bac nhat y = ax + b la a.,generated,PUMKIN.DEV M1 Gen,CC BY-NC-SA 4.0,kb_toan12_01
q_gen_m1_36,THPT,Toan 12,Giai tich,Ham so,skill_recognition,De,M1,30,single_choice,Khang dinh nao sau day la dung ve ham so y = 36x + 1?,Dao ham bang 36,Dao ham bang 1,Dao ham bang 36x,Khong co dao ham,A,Dao ham cua ham so bac nhat y = ax + b la a.,generated,PUMKIN.DEV M1 Gen,CC BY-NC-SA 4.0,kb_toan12_01
q_gen_m1_37,THPT,Toan 12,Giai tich,Ham so,skill_recognition,De,M1,30,single_choice,Khang dinh nao sau day la dung ve ham so y = 37x + 1?,Dao ham bang 37,Dao ham bang 1,Dao ham bang 37x,Khong co dao ham,A,Dao ham cua ham so bac nhat y = ax + b la a.,generated,PUMKIN.DEV M1 Gen,CC BY-NC-SA 4.0,kb_toan12_01
q_gen_m1_38,THPT,Toan 12,Giai tich,Ham so,skill_recognition,De,M1,30,single_choice,Khang dinh nao sau day la dung ve ham so y = 38x + 1?,Dao ham bang 38,Dao ham bang 1,Dao ham bang 38x,Khong co dao ham,A,Dao ham cua ham so bac nhat y = ax + b la a.,generated,PUMKIN.DEV M1 Gen,CC BY-NC-SA 4.0,kb_toan12_01
q_gen_m1_39,THPT,Toan 12,Giai tich,Ham so,skill_recognition,De,M1,30,single_choice,Khang dinh nao sau day la dung ve ham so y = 39x + 1?,Dao ham bang 39,Dao ham bang 1,Dao ham bang 39x,Khong co dao ham,A,Dao ham cua ham so bac nhat y = ax + b la a.,generated,PUMKIN.DEV M1 Gen,CC BY-NC-SA 4.0,kb_toan12_01
q_gen_m1_40,THPT,Toan 12,Giai tich,Ham so,skill_recognition,De,M1,30,single_choice,Khang dinh nao sau day la dung ve ham so y = 40x + 1?,Dao ham bang 40,Dao ham bang 1,Dao ham bang 40x,Khong co dao ham,A,Dao ham cua ham so bac nhat y = ax + b la a.,generated,PUMKIN.DEV M1 Gen,CC BY-NC-SA 4.0,kb_toan12_01
q_gen_m1_41,THPT,Toan 12,Giai tich,Ham so,skill_recognition,De,M1,30,single_choice,Khang dinh nao sau day la dung ve ham so y = 41x + 1?,Dao ham bang 41,Dao ham bang 1,Dao ham bang 41x,Khong co dao ham,A,Dao ham cua ham so bac nhat y = ax + b la a.,generated,PUMKIN.DEV M1 Gen,CC BY-NC-SA 4.0,kb_toan12_01
q_gen_m1_42,THPT,Toan 12,Giai tich,Ham so,skill_recognition,De,M1,30,single_choice,Khang dinh nao sau day la dung ve ham so y = 42x + 1?,Dao ham bang 42,Dao ham bang 1,Dao ham bang 42x,Khong co dao ham,A,Dao ham cua ham so bac nhat y = ax + b la a.,generated,PUMKIN.DEV M1 Gen,CC BY-NC-SA 4.0,kb_toan12_01
q_gen_m1_43,THPT,Toan 12,Giai tich,Ham so,skill_recognition,De,M1,30,single_choice,Khang dinh nao sau day la dung ve ham so y = 43x + 1?,Dao ham bang 43,Dao ham bang 1,Dao ham bang 43x,Khong co dao ham,A,Dao ham cua ham so bac nhat y = ax + b la a.,generated,PUMKIN.DEV M1 Gen,CC BY-NC-SA 4.0,kb_toan12_01
q_gen_m1_44,THPT,Toan 12,Giai tich,Ham so,skill_recognition,De,M1,30,single_choice,Khang dinh nao sau day la dung ve ham so y = 44x + 1?,Dao ham bang 44,Dao ham bang 1,Dao ham bang 44x,Khong co dao ham,A,Dao ham cua ham so bac nhat y = ax + b la a.,generated,PUMKIN.DEV M1 Gen,CC BY-NC-SA 4.0,kb_toan12_01
q_gen_m1_45,THPT,Toan 12,Giai tich,Ham so,skill_recognition,De,M1,30,single_choice,Khang dinh nao sau day la dung ve ham so y = 45x + 1?,Dao ham bang 45,Dao ham bang 1,Dao ham bang 45x,Khong co dao ham,A,Dao ham cua ham so bac nhat y = ax + b la a.,generated,PUMKIN.DEV M1 Gen,CC BY-NC-SA 4.0,kb_toan12_01
q_gen_m1_46,THPT,Toan 12,Giai tich,Ham so,skill_recognition,De,M1,30,single_choice,Khang dinh nao sau day la dung ve ham so y = 46x + 1?,Dao ham bang 46,Dao ham bang 1,Dao ham bang 46x,Khong co dao ham,A,Dao ham cua ham so bac nhat y = ax + b la a.,generated,PUMKIN.DEV M1 Gen,CC BY-NC-SA 4.0,kb_toan12_01
q_gen_m1_47,THPT,Toan 12,Giai tich,Ham so,skill_recognition,De,M1,30,single_choice,Khang dinh nao sau day la dung ve ham so y = 47x + 1?,Dao ham bang 47,Dao ham bang 1,Dao ham bang 47x,Khong co dao ham,A,Dao ham cua ham so bac nhat y = ax + b la a.,generated,PUMKIN.DEV M1 Gen,CC BY-NC-SA 4.0,kb_toan12_01
q_gen_m1_48,THPT,Toan 12,Giai tich,Ham so,skill_recognition,De,M1,30,single_choice,Khang dinh nao sau day la dung ve ham so y = 48x + 1?,Dao ham bang 48,Dao ham bang 1,Dao ham bang 48x,Khong co dao ham,A,Dao ham cua ham so bac nhat y = ax + b la a.,generated,PUMKIN.DEV M1 Gen,CC BY-NC-SA 4.0,kb_toan12_01
q_gen_m1_49,THPT,Toan 12,Giai tich,Ham so,skill_recognition,De,M1,30,single_choice,Khang dinh nao sau day la dung ve ham so y = 49x + 1?,Dao ham bang 49,Dao ham bang 1,Dao ham bang 49x,Khong co dao ham,A,Dao ham cua ham so bac nhat y = ax + b la a.,generated,PUMKIN.DEV M1 Gen,CC BY-NC-SA 4.0,kb_toan12_01
q_gen_m1_50,THPT,Toan 12,Giai tich,Ham so,skill_recognition,De,M1,30,single_choice,Khang dinh nao sau day la dung ve ham so y = 50x + 1?,Dao ham bang 50,Dao ham bang 1,Dao ham bang 50x,Khong co dao ham,A,Dao ham cua ham so bac nhat y = ax + b la a.,generated,PUMKIN.DEV M1 Gen,CC BY-NC-SA 4.0,kb_toan12_01
q_gen_m1_51,THPT,Toan 12,Giai tich,Ham so,skill_recognition,De,M1,30,single_choice,Khang dinh nao sau day la dung ve ham so y = 51x + 1?,Dao ham bang 51,Dao ham bang 1,Dao ham bang 51x,Khong co dao ham,A,Dao ham cua ham so bac nhat y = ax + b la a.,generated,PUMKIN.DEV M1 Gen,CC BY-NC-SA 4.0,kb_toan12_01
q_gen_m1_52,THPT,Toan 12,Giai tich,Ham so,skill_recognition,De,M1,30,single_choice,Khang dinh nao sau day la dung ve ham so y = 52x + 1?,Dao ham bang 52,Dao ham bang 1,Dao ham bang 52x,Khong co dao ham,A,Dao ham cua ham so bac nhat y = ax + b la a.,generated,PUMKIN.DEV M1 Gen,CC BY-NC-SA 4.0,kb_toan12_01
q_gen_m1_53,THPT,Toan 12,Giai tich,Ham so,skill_recognition,De,M1,30,single_choice,Khang dinh nao sau day la dung ve ham so y = 53x + 1?,Dao ham bang 53,Dao ham bang 1,Dao ham bang 53x,Khong co dao ham,A,Dao ham cua ham so bac nhat y = ax + b la a.,generated,PUMKIN.DEV M1 Gen,CC BY-NC-SA 4.0,kb_toan12_01
q_gen_m1_54,THPT,Toan 12,Giai tich,Ham so,skill_recognition,De,M1,30,single_choice,Khang dinh nao sau day la dung ve ham so y = 54x + 1?,Dao ham bang 54,Dao ham bang 1,Dao ham bang 54x,Khong co dao ham,A,Dao ham cua ham so bac nhat y = ax + b la a.,generated,PUMKIN.DEV M1 Gen,CC BY-NC-SA 4.0,kb_toan12_01
q_gen_m1_55,THPT,Toan 12,Giai tich,Ham so,skill_recognition,De,M1,30,single_choice,Khang dinh nao sau day la dung ve ham so y = 55x + 1?,Dao ham bang 55,Dao ham bang 1,Dao ham bang 55x,Khong co dao ham,A,Dao ham cua ham so bac nhat y = ax + b la a.,generated,PUMKIN.DEV M1 Gen,CC BY-NC-SA 4.0,kb_toan12_01
q_gen_m1_56,THPT,Toan 12,Giai tich,Ham so,skill_recognition,De,M1,30,single_choice,Khang dinh nao sau day la dung ve ham so y = 56x + 1?,Dao ham bang 56,Dao ham bang 1,Dao ham bang 56x,Khong co dao ham,A,Dao ham cua ham so bac nhat y = ax + b la a.,generated,PUMKIN.DEV M1 Gen,CC BY-NC-SA 4.0,kb_toan12_01
q_gen_m1_57,THPT,Toan 12,Giai tich,Ham so,skill_recognition,De,M1,30,single_choice,Khang dinh nao sau day la dung ve ham so y = 57x + 1?,Dao ham bang 57,Dao ham bang 1,Dao ham bang 57x,Khong co dao ham,A,Dao ham cua ham so bac nhat y = ax + b la a.,generated,PUMKIN.DEV M1 Gen,CC BY-NC-SA 4.0,kb_toan12_01
q_gen_m1_58,THPT,Toan 12,Giai tich,Ham so,skill_recognition,De,M1,30,single_choice,Khang dinh nao sau day la dung ve ham so y = 58x + 1?,Dao ham bang 58,Dao ham bang 1,Dao ham bang 58x,Khong co dao ham,A,Dao ham cua ham so bac nhat y = ax + b la a.,generated,PUMKIN.DEV M1 Gen,CC BY-NC-SA 4.0,kb_toan12_01
q_gen_m1_59,THPT,Toan 12,Giai tich,Ham so,skill_recognition,De,M1,30,single_choice,Khang dinh nao sau day la dung ve ham so y = 59x + 1?,Dao ham bang 59,Dao ham bang 1,Dao ham bang 59x,Khong co dao ham,A,Dao ham cua ham so bac nhat y = ax + b la a.,generated,PUMKIN.DEV M1 Gen,CC BY-NC-SA 4.0,kb_toan12_01
q_gen_m1_60,THPT,Toan 12,Giai tich,Ham so,skill_recognition,De,M1,30,single_choice,Khang dinh nao sau day la dung ve ham so y = 60x + 1?,Dao ham bang 60,Dao ham bang 1,Dao ham bang 60x,Khong co dao ham,A,Dao ham cua ham so bac nhat y = ax + b la a.,generated,PUMKIN.DEV M1 Gen,CC BY-NC-SA 4.0,kb_toan12_01
q_gen_m1_61,THPT,Toan 12,Giai tich,Ham so,skill_recognition,De,M1,30,single_choice,Khang dinh nao sau day la dung ve ham so y = 61x + 1?,Dao ham bang 61,Dao ham bang 1,Dao ham bang 61x,Khong co dao ham,A,Dao ham cua ham so bac nhat y = ax + b la a.,generated,PUMKIN.DEV M1 Gen,CC BY-NC-SA 4.0,kb_toan12_01
q_gen_m1_62,THPT,Toan 12,Giai tich,Ham so,skill_recognition,De,M1,30,single_choice,Khang dinh nao sau day la dung ve ham so y = 62x + 1?,Dao ham bang 62,Dao ham bang 1,Dao ham bang 62x,Khong co dao ham,A,Dao ham cua ham so bac nhat y = ax + b la a.,generated,PUMKIN.DEV M1 Gen,CC BY-NC-SA 4.0,kb_toan12_01
q_gen_m1_63,THPT,Toan 12,Giai tich,Ham so,skill_recognition,De,M1,30,single_choice,Khang dinh nao sau day la dung ve ham so y = 63x + 1?,Dao ham bang 63,Dao ham bang 1,Dao ham bang 63x,Khong co dao ham,A,Dao ham cua ham so bac nhat y = ax + b la a.,generated,PUMKIN.DEV M1 Gen,CC BY-NC-SA 4.0,kb_toan12_01
q_gen_m1_64,THPT,Toan 12,Giai tich,Ham so,skill_recognition,De,M1,30,single_choice,Khang dinh nao sau day la dung ve ham so y = 64x + 1?,Dao ham bang 64,Dao ham bang 1,Dao ham bang 64x,Khong co dao ham,A,Dao ham cua ham so bac nhat y = ax + b la a.,generated,PUMKIN.DEV M1 Gen,CC BY-NC-SA 4.0,kb_toan12_01
q_gen_m1_65,THPT,Toan 12,Giai tich,Ham so,skill_recognition,De,M1,30,single_choice,Khang dinh nao sau day la dung ve ham so y = 65x + 1?,Dao ham bang 65,Dao ham bang 1,Dao ham bang 65x,Khong co dao ham,A,Dao ham cua ham so bac nhat y = ax + b la a.,generated,PUMKIN.DEV M1 Gen,CC BY-NC-SA 4.0,kb_toan12_01
q_gen_m1_66,THPT,Toan 12,Giai tich,Ham so,skill_recognition,De,M1,30,single_choice,Khang dinh nao sau day la dung ve ham so y = 66x + 1?,Dao ham bang 66,Dao ham bang 1,Dao ham bang 66x,Khong co dao ham,A,Dao ham cua ham so bac nhat y = ax + b la a.,generated,PUMKIN.DEV M1 Gen,CC BY-NC-SA 4.0,kb_toan12_01
q_gen_m1_67,THPT,Toan 12,Giai tich,Ham so,skill_recognition,De,M1,30,single_choice,Khang dinh nao sau day la dung ve ham so y = 67x + 1?,Dao ham bang 67,Dao ham bang 1,Dao ham bang 67x,Khong co dao ham,A,Dao ham cua ham so bac nhat y = ax + b la a.,generated,PUMKIN.DEV M1 Gen,CC BY-NC-SA 4.0,kb_toan12_01
q_gen_m1_68,THPT,Toan 12,Giai tich,Ham so,skill_recognition,De,M1,30,single_choice,Khang dinh nao sau day la dung ve ham so y = 68x + 1?,Dao ham bang 68,Dao ham bang 1,Dao ham bang 68x,Khong co dao ham,A,Dao ham cua ham so bac nhat y = ax + b la a.,generated,PUMKIN.DEV M1 Gen,CC BY-NC-SA 4.0,kb_toan12_01
q_gen_m1_69,THPT,Toan 12,Giai tich,Ham so,skill_recognition,De,M1,30,single_choice,Khang dinh nao sau day la dung ve ham so y = 69x + 1?,Dao ham bang 69,Dao ham bang 1,Dao ham bang 69x,Khong co dao ham,A,Dao ham cua ham so bac nhat y = ax + b la a.,generated,PUMKIN.DEV M1 Gen,CC BY-NC-SA 4.0,kb_toan12_01
q_gen_m1_70,THPT,Toan 12,Giai tich,Ham so,skill_recognition,De,M1,30,single_choice,Khang dinh nao sau day la dung ve ham so y = 70x + 1?,Dao ham bang 70,Dao ham bang 1,Dao ham bang 70x,Khong co dao ham,A,Dao ham cua ham so bac nhat y = ax + b la a.,generated,PUMKIN.DEV M1 Gen,CC BY-NC-SA 4.0,kb_toan12_01
q_gen_m1_71,THPT,Toan 12,Giai tich,Ham so,skill_recognition,De,M1,30,single_choice,Khang dinh nao sau day la dung ve ham so y = 71x + 1?,Dao ham bang 71,Dao ham bang 1,Dao ham bang 71x,Khong co dao ham,A,Dao ham cua ham so bac nhat y = ax + b la a.,generated,PUMKIN.DEV M1 Gen,CC BY-NC-SA 4.0,kb_toan12_01
q_gen_m1_72,THPT,Toan 12,Giai tich,Ham so,skill_recognition,De,M1,30,single_choice,Khang dinh nao sau day la dung ve ham so y = 72x + 1?,Dao ham bang 72,Dao ham bang 1,Dao ham bang 72x,Khong co dao ham,A,Dao ham cua ham so bac nhat y = ax + b la a.,generated,PUMKIN.DEV M1 Gen,CC BY-NC-SA 4.0,kb_toan12_01
q_gen_m1_73,THPT,Toan 12,Giai tich,Ham so,skill_recognition,De,M1,30,single_choice,Khang dinh nao sau day la dung ve ham so y = 73x + 1?,Dao ham bang 73,Dao ham bang 1,Dao ham bang 73x,Khong co dao ham,A,Dao ham cua ham so bac nhat y = ax + b la a.,generated,PUMKIN.DEV M1 Gen,CC BY-NC-SA 4.0,kb_toan12_01
q_gen_m1_74,THPT,Toan 12,Giai tich,Ham so,skill_recognition,De,M1,30,single_choice,Khang dinh nao sau day la dung ve ham so y = 74x + 1?,Dao ham bang 74,Dao ham bang 1,Dao ham bang 74x,Khong co dao ham,A,Dao ham cua ham so bac nhat y = ax + b la a.,generated,PUMKIN.DEV M1 Gen,CC BY-NC-SA 4.0,kb_toan12_01
q_gen_m1_75,THPT,Toan 12,Giai tich,Ham so,skill_recognition,De,M1,30,single_choice,Khang dinh nao sau day la dung ve ham so y = 75x + 1?,Dao ham bang 75,Dao ham bang 1,Dao ham bang 75x,Khong co dao ham,A,Dao ham cua ham so bac nhat y = ax + b la a.,generated,PUMKIN.DEV M1 Gen,CC BY-NC-SA 4.0,kb_toan12_01
q_gen_m1_76,THPT,Toan 12,Giai tich,Ham so,skill_recognition,De,M1,30,single_choice,Khang dinh nao sau day la dung ve ham so y = 76x + 1?,Dao ham bang 76,Dao ham bang 1,Dao ham bang 76x,Khong co dao ham,A,Dao ham cua ham so bac nhat y = ax + b la a.,generated,PUMKIN.DEV M1 Gen,CC BY-NC-SA 4.0,kb_toan12_01
q_gen_m1_77,THPT,Toan 12,Giai tich,Ham so,skill_recognition,De,M1,30,single_choice,Khang dinh nao sau day la dung ve ham so y = 77x + 1?,Dao ham bang 77,Dao ham bang 1,Dao ham bang 77x,Khong co dao ham,A,Dao ham cua ham so bac nhat y = ax + b la a.,generated,PUMKIN.DEV M1 Gen,CC BY-NC-SA 4.0,kb_toan12_01
q_gen_m1_78,THPT,Toan 12,Giai tich,Ham so,skill_recognition,De,M1,30,single_choice,Khang dinh nao sau day la dung ve ham so y = 78x + 1?,Dao ham bang 78,Dao ham bang 1,Dao ham bang 78x,Khong co dao ham,A,Dao ham cua ham so bac nhat y = ax + b la a.,generated,PUMKIN.DEV M1 Gen,CC BY-NC-SA 4.0,kb_toan12_01
q_gen_m1_79,THPT,Toan 12,Giai tich,Ham so,skill_recognition,De,M1,30,single_choice,Khang dinh nao sau day la dung ve ham so y = 79x + 1?,Dao ham bang 79,Dao ham bang 1,Dao ham bang 79x,Khong co dao ham,A,Dao ham cua ham so bac nhat y = ax + b la a.,generated,PUMKIN.DEV M1 Gen,CC BY-NC-SA 4.0,kb_toan12_01
q_gen_m1_80,THPT,Toan 12,Giai tich,Ham so,skill_recognition,De,M1,30,single_choice,Khang dinh nao sau day la dung ve ham so y = 80x + 1?,Dao ham bang 80,Dao ham bang 1,Dao ham bang 80x,Khong co dao ham,A,Dao ham cua ham so bac nhat y = ax + b la a.,generated,PUMKIN.DEV M1 Gen,CC BY-NC-SA 4.0,kb_toan12_01
q_gen_m1_81,THPT,Toan 12,Giai tich,Ham so,skill_recognition,De,M1,30,single_choice,Khang dinh nao sau day la dung ve ham so y = 81x + 1?,Dao ham bang 81,Dao ham bang 1,Dao ham bang 81x,Khong co dao ham,A,Dao ham cua ham so bac nhat y = ax + b la a.,generated,PUMKIN.DEV M1 Gen,CC BY-NC-SA 4.0,kb_toan12_01
q_gen_m1_82,THPT,Toan 12,Giai tich,Ham so,skill_recognition,De,M1,30,single_choice,Khang dinh nao sau day la dung ve ham so y = 82x + 1?,Dao ham bang 82,Dao ham bang 1,Dao ham bang 82x,Khong co dao ham,A,Dao ham cua ham so bac nhat y = ax + b la a.,generated,PUMKIN.DEV M1 Gen,CC BY-NC-SA 4.0,kb_toan12_01
q_gen_m1_83,THPT,Toan 12,Giai tich,Ham so,skill_recognition,De,M1,30,single_choice,Khang dinh nao sau day la dung ve ham so y = 83x + 1?,Dao ham bang 83,Dao ham bang 1,Dao ham bang 83x,Khong co dao ham,A,Dao ham cua ham so bac nhat y = ax + b la a.,generated,PUMKIN.DEV M1 Gen,CC BY-NC-SA 4.0,kb_toan12_01
q_gen_m1_84,THPT,Toan 12,Giai tich,Ham so,skill_recognition,De,M1,30,single_choice,Khang dinh nao sau day la dung ve ham so y = 84x + 1?,Dao ham bang 84,Dao ham bang 1,Dao ham bang 84x,Khong co dao ham,A,Dao ham cua ham so bac nhat y = ax + b la a.,generated,PUMKIN.DEV M1 Gen,CC BY-NC-SA 4.0,kb_toan12_01
q_gen_m1_85,THPT,Toan 12,Giai tich,Ham so,skill_recognition,De,M1,30,single_choice,Khang dinh nao sau day la dung ve ham so y = 85x + 1?,Dao ham bang 85,Dao ham bang 1,Dao ham bang 85x,Khong co dao ham,A,Dao ham cua ham so bac nhat y = ax + b la a.,generated,PUMKIN.DEV M1 Gen,CC BY-NC-SA 4.0,kb_toan12_01
q_gen_m1_86,THPT,Toan 12,Giai tich,Ham so,skill_recognition,De,M1,30,single_choice,Khang dinh nao sau day la dung ve ham so y = 86x + 1?,Dao ham bang 86,Dao ham bang 1,Dao ham bang 86x,Khong co dao ham,A,Dao ham cua ham so bac nhat y = ax + b la a.,generated,PUMKIN.DEV M1 Gen,CC BY-NC-SA 4.0,kb_toan12_01
q_gen_m1_87,THPT,Toan 12,Giai tich,Ham so,skill_recognition,De,M1,30,single_choice,Khang dinh nao sau day la dung ve ham so y = 87x + 1?,Dao ham bang 87,Dao ham bang 1,Dao ham bang 87x,Khong co dao ham,A,Dao ham cua ham so bac nhat y = ax + b la a.,generated,PUMKIN.DEV M1 Gen,CC BY-NC-SA 4.0,kb_toan12_01
q_gen_m1_88,THPT,Toan 12,Giai tich,Ham so,skill_recognition,De,M1,30,single_choice,Khang dinh nao sau day la dung ve ham so y = 88x + 1?,Dao ham bang 88,Dao ham bang 1,Dao ham bang 88x,Khong co dao ham,A,Dao ham cua ham so bac nhat y = ax + b la a.,generated,PUMKIN.DEV M1 Gen,CC BY-NC-SA 4.0,kb_toan12_01
q_gen_m1_89,THPT,Toan 12,Giai tich,Ham so,skill_recognition,De,M1,30,single_choice,Khang dinh nao sau day la dung ve ham so y = 89x + 1?,Dao ham bang 89,Dao ham bang 1,Dao ham bang 89x,Khong co dao ham,A,Dao ham cua ham so bac nhat y = ax + b la a.,generated,PUMKIN.DEV M1 Gen,CC BY-NC-SA 4.0,kb_toan12_01
q_gen_m1_90,THPT,Toan 12,Giai tich,Ham so,skill_recognition,De,M1,30,single_choice,Khang dinh nao sau day la dung ve ham so y = 90x + 1?,Dao ham bang 90,Dao ham bang 1,Dao ham bang 90x,Khong co dao ham,A,Dao ham cua ham so bac nhat y = ax + b la a.,generated,PUMKIN.DEV M1 Gen,CC BY-NC-SA 4.0,kb_toan12_01
q_gen_m1_91,THPT,Toan 12,Giai tich,Ham so,skill_recognition,De,M1,30,single_choice,Khang dinh nao sau day la dung ve ham so y = 91x + 1?,Dao ham bang 91,Dao ham bang 1,Dao ham bang 91x,Khong co dao ham,A,Dao ham cua ham so bac nhat y = ax + b la a.,generated,PUMKIN.DEV M1 Gen,CC BY-NC-SA 4.0,kb_toan12_01
q_gen_m1_92,THPT,Toan 12,Giai tich,Ham so,skill_recognition,De,M1,30,single_choice,Khang dinh nao sau day la dung ve ham so y = 92x + 1?,Dao ham bang 92,Dao ham bang 1,Dao ham bang 92x,Khong co dao ham,A,Dao ham cua ham so bac nhat y = ax + b la a.,generated,PUMKIN.DEV M1 Gen,CC BY-NC-SA 4.0,kb_toan12_01
q_gen_m1_93,THPT,Toan 12,Giai tich,Ham so,skill_recognition,De,M1,30,single_choice,Khang dinh nao sau day la dung ve ham so y = 93x + 1?,Dao ham bang 93,Dao ham bang 1,Dao ham bang 93x,Khong co dao ham,A,Dao ham cua ham so bac nhat y = ax + b la a.,generated,PUMKIN.DEV M1 Gen,CC BY-NC-SA 4.0,kb_toan12_01
q_gen_m1_94,THPT,Toan 12,Giai tich,Ham so,skill_recognition,De,M1,30,single_choice,Khang dinh nao sau day la dung ve ham so y = 94x + 1?,Dao ham bang 94,Dao ham bang 1,Dao ham bang 94x,Khong co dao ham,A,Dao ham cua ham so bac nhat y = ax + b la a.,generated,PUMKIN.DEV M1 Gen,CC BY-NC-SA 4.0,kb_toan12_01
q_gen_m1_95,THPT,Toan 12,Giai tich,Ham so,skill_recognition,De,M1,30,single_choice,Khang dinh nao sau day la dung ve ham so y = 95x + 1?,Dao ham bang 95,Dao ham bang 1,Dao ham bang 95x,Khong co dao ham,A,Dao ham cua ham so bac nhat y = ax + b la a.,generated,PUMKIN.DEV M1 Gen,CC BY-NC-SA 4.0,kb_toan12_01
q_gen_m1_96,THPT,Toan 12,Giai tich,Ham so,skill_recognition,De,M1,30,single_choice,Khang dinh nao sau day la dung ve ham so y = 96x + 1?,Dao ham bang 96,Dao ham bang 1,Dao ham bang 96x,Khong co dao ham,A,Dao ham cua ham so bac nhat y = ax + b la a.,generated,PUMKIN.DEV M1 Gen,CC BY-NC-SA 4.0,kb_toan12_01
q_gen_m1_97,THPT,Toan 12,Giai tich,Ham so,skill_recognition,De,M1,30,single_choice,Khang dinh nao sau day la dung ve ham so y = 97x + 1?,Dao ham bang 97,Dao ham bang 1,Dao ham bang 97x,Khong co dao ham,A,Dao ham cua ham so bac nhat y = ax + b la a.,generated,PUMKIN.DEV M1 Gen,CC BY-NC-SA 4.0,kb_toan12_01
q_gen_m1_98,THPT,Toan 12,Giai tich,Ham so,skill_recognition,De,M1,30,single_choice,Khang dinh nao sau day la dung ve ham so y = 98x + 1?,Dao ham bang 98,Dao ham bang 1,Dao ham bang 98x,Khong co dao ham,A,Dao ham cua ham so bac nhat y = ax + b la a.,generated,PUMKIN.DEV M1 Gen,CC BY-NC-SA 4.0,kb_toan12_01
q_gen_m1_99,THPT,Toan 12,Giai tich,Ham so,skill_recognition,De,M1,30,single_choice,Khang dinh nao sau day la dung ve ham so y = 99x + 1?,Dao ham bang 99,Dao ham bang 1,Dao ham bang 99x,Khong co dao ham,A,Dao ham cua ham so bac nhat y = ax + b la a.,generated,PUMKIN.DEV M1 Gen,CC BY-NC-SA 4.0,kb_toan12_01
q_gen_m1_100,THPT,Toan 12,Giai tich,Ham so,skill_recognition,De,M1,30,single_choice,Khang dinh nao sau day la dung ve ham so y = 100x + 1?,Dao ham bang 100,Dao ham bang 1,Dao ham bang 100x,Khong co dao ham,A,Dao ham cua ham so bac nhat y = ax + b la a.,generated,PUMKIN.DEV M1 Gen,CC BY-NC-SA 4.0,kb_toan12_01
q_gen_m1_101,THPT,Toan 12,Giai tich,Ham so,skill_recognition,De,M1,30,single_choice,Khang dinh nao sau day la dung ve ham so y = 101x + 1?,Dao ham bang 101,Dao ham bang 1,Dao ham bang 101x,Khong co dao ham,A,Dao ham cua ham so bac nhat y = ax + b la a.,generated,PUMKIN.DEV M1 Gen,CC BY-NC-SA 4.0,kb_toan12_01
q_gen_m1_102,THPT,Toan 12,Giai tich,Ham so,skill_recognition,De,M1,30,single_choice,Khang dinh nao sau day la dung ve ham so y = 102x + 1?,Dao ham bang 102,Dao ham bang 1,Dao ham bang 102x,Khong co dao ham,A,Dao ham cua ham so bac nhat y = ax + b la a.,generated,PUMKIN.DEV M1 Gen,CC BY-NC-SA 4.0,kb_toan12_01
q_gen_m1_103,THPT,Toan 12,Giai tich,Ham so,skill_recognition,De,M1,30,single_choice,Khang dinh nao sau day la dung ve ham so y = 103x + 1?,Dao ham bang 103,Dao ham bang 1,Dao ham bang 103x,Khong co dao ham,A,Dao ham cua ham so bac nhat y = ax + b la a.,generated,PUMKIN.DEV M1 Gen,CC BY-NC-SA 4.0,kb_toan12_01
q_gen_m1_104,THPT,Toan 12,Giai tich,Ham so,skill_recognition,De,M1,30,single_choice,Khang dinh nao sau day la dung ve ham so y = 104x + 1?,Dao ham bang 104,Dao ham bang 1,Dao ham bang 104x,Khong co dao ham,A,Dao ham cua ham so bac nhat y = ax + b la a.,generated,PUMKIN.DEV M1 Gen,CC BY-NC-SA 4.0,kb_toan12_01
q_gen_m1_105,THPT,Toan 12,Giai tich,Ham so,skill_recognition,De,M1,30,single_choice,Khang dinh nao sau day la dung ve ham so y = 105x + 1?,Dao ham bang 105,Dao ham bang 1,Dao ham bang 105x,Khong co dao ham,A,Dao ham cua ham so bac nhat y = ax + b la a.,generated,PUMKIN.DEV M1 Gen,CC BY-NC-SA 4.0,kb_toan12_01
q_gen_m1_106,THPT,Toan 12,Giai tich,Ham so,skill_recognition,De,M1,30,single_choice,Khang dinh nao sau day la dung ve ham so y = 106x + 1?,Dao ham bang 106,Dao ham bang 1,Dao ham bang 106x,Khong co dao ham,A,Dao ham cua ham so bac nhat y = ax + b la a.,generated,PUMKIN.DEV M1 Gen,CC BY-NC-SA 4.0,kb_toan12_01
q_gen_m1_107,THPT,Toan 12,Giai tich,Ham so,skill_recognition,De,M1,30,single_choice,Khang dinh nao sau day la dung ve ham so y = 107x + 1?,Dao ham bang 107,Dao ham bang 1,Dao ham bang 107x,Khong co dao ham,A,Dao ham cua ham so bac nhat y = ax + b la a.,generated,PUMKIN.DEV M1 Gen,CC BY-NC-SA 4.0,kb_toan12_01
q_gen_m1_108,THPT,Toan 12,Giai tich,Ham so,skill_recognition,De,M1,30,single_choice,Khang dinh nao sau day la dung ve ham so y = 108x + 1?,Dao ham bang 108,Dao ham bang 1,Dao ham bang 108x,Khong co dao ham,A,Dao ham cua ham so bac nhat y = ax + b la a.,generated,PUMKIN.DEV M1 Gen,CC BY-NC-SA 4.0,kb_toan12_01
q_gen_m1_109,THPT,Toan 12,Giai tich,Ham so,skill_recognition,De,M1,30,single_choice,Khang dinh nao sau day la dung ve ham so y = 109x + 1?,Dao ham bang 109,Dao ham bang 1,Dao ham bang 109x,Khong co dao ham,A,Dao ham cua ham so bac nhat y = ax + b la a.,generated,PUMKIN.DEV M1 Gen,CC BY-NC-SA 4.0,kb_toan12_01
q_gen_m1_110,THPT,Toan 12,Giai tich,Ham so,skill_recognition,De,M1,30,single_choice,Khang dinh nao sau day la dung ve ham so y = 110x + 1?,Dao ham bang 110,Dao ham bang 1,Dao ham bang 110x,Khong co dao ham,A,Dao ham cua ham so bac nhat y = ax + b la a.,generated,PUMKIN.DEV M1 Gen,CC BY-NC-SA 4.0,kb_toan12_01
q_gen_m1_111,THPT,Toan 12,Giai tich,Ham so,skill_recognition,De,M1,30,single_choice,Khang dinh nao sau day la dung ve ham so y = 111x + 1?,Dao ham bang 111,Dao ham bang 1,Dao ham bang 111x,Khong co dao ham,A,Dao ham cua ham so bac nhat y = ax + b la a.,generated,PUMKIN.DEV M1 Gen,CC BY-NC-SA 4.0,kb_toan12_01
q_gen_m1_112,THPT,Toan 12,Giai tich,Ham so,skill_recognition,De,M1,30,single_choice,Khang dinh nao sau day la dung ve ham so y = 112x + 1?,Dao ham bang 112,Dao ham bang 1,Dao ham bang 112x,Khong co dao ham,A,Dao ham cua ham so bac nhat y = ax + b la a.,generated,PUMKIN.DEV M1 Gen,CC BY-NC-SA 4.0,kb_toan12_01
q_gen_m1_113,THPT,Toan 12,Giai tich,Ham so,skill_recognition,De,M1,30,single_choice,Khang dinh nao sau day la dung ve ham so y = 113x + 1?,Dao ham bang 113,Dao ham bang 1,Dao ham bang 113x,Khong co dao ham,A,Dao ham cua ham so bac nhat y = ax + b la a.,generated,PUMKIN.DEV M1 Gen,CC BY-NC-SA 4.0,kb_toan12_01
q_gen_m1_114,THPT,Toan 12,Giai tich,Ham so,skill_recognition,De,M1,30,single_choice,Khang dinh nao sau day la dung ve ham so y = 114x + 1?,Dao ham bang 114,Dao ham bang 1,Dao ham bang 114x,Khong co dao ham,A,Dao ham cua ham so bac nhat y = ax + b la a.,generated,PUMKIN.DEV M1 Gen,CC BY-NC-SA 4.0,kb_toan12_01
q_gen_m1_115,THPT,Toan 12,Giai tich,Ham so,skill_recognition,De,M1,30,single_choice,Khang dinh nao sau day la dung ve ham so y = 115x + 1?,Dao ham bang 115,Dao ham bang 1,Dao ham bang 115x,Khong co dao ham,A,Dao ham cua ham so bac nhat y = ax + b la a.,generated,PUMKIN.DEV M1 Gen,CC BY-NC-SA 4.0,kb_toan12_01
q_boss_1,TSA,Toan 12,Hinh hoc Oxyz,Cuc tri hinh hoc,skill_modeling;skill_reasoning,Rat kho,M4,300,single_choice,"Trong khong gian Oxyz, cho mat cau (S): x^2 + y^2 + z^2 = 1. Tim GTLN cua P = x+y+z.",\\sqrt{3},\\sqrt{1},3\\sqrt{1},\\sqrt{2},A,Dung Bunhiacopxki: (x+y+z)^2 \\le 3(x^2+y^2+z^2) = 3(1). Vay GTLN la \\sqrt{3}.,generated,PUMKIN.DEV M4 Gen,CC BY-NC-SA 4.0,kb_toan12_01
q_boss_2,TSA,Toan 12,Hinh hoc Oxyz,Cuc tri hinh hoc,skill_modeling;skill_reasoning,Rat kho,M4,300,single_choice,"Trong khong gian Oxyz, cho mat cau (S): x^2 + y^2 + z^2 = 2. Tim GTLN cua P = x+y+z.",\\sqrt{6},\\sqrt{2},3\\sqrt{2},\\sqrt{4},A,Dung Bunhiacopxki: (x+y+z)^2 \\le 3(x^2+y^2+z^2) = 3(2). Vay GTLN la \\sqrt{6}.,generated,PUMKIN.DEV M4 Gen,CC BY-NC-SA 4.0,kb_toan12_01
q_boss_3,TSA,Toan 12,Hinh hoc Oxyz,Cuc tri hinh hoc,skill_modeling;skill_reasoning,Rat kho,M4,300,single_choice,"Trong khong gian Oxyz, cho mat cau (S): x^2 + y^2 + z^2 = 3. Tim GTLN cua P = x+y+z.",\\sqrt{9},\\sqrt{3},3\\sqrt{3},\\sqrt{6},A,Dung Bunhiacopxki: (x+y+z)^2 \\le 3(x^2+y^2+z^2) = 3(3). Vay GTLN la \\sqrt{9}.,generated,PUMKIN.DEV M4 Gen,CC BY-NC-SA 4.0,kb_toan12_01
q_boss_4,TSA,Toan 12,Hinh hoc Oxyz,Cuc tri hinh hoc,skill_modeling;skill_reasoning,Rat kho,M4,300,single_choice,"Trong khong gian Oxyz, cho mat cau (S): x^2 + y^2 + z^2 = 4. Tim GTLN cua P = x+y+z.",\\sqrt{12},\\sqrt{4},3\\sqrt{4},\\sqrt{8},A,Dung Bunhiacopxki: (x+y+z)^2 \\le 3(x^2+y^2+z^2) = 3(4). Vay GTLN la \\sqrt{12}.,generated,PUMKIN.DEV M4 Gen,CC BY-NC-SA 4.0,kb_toan12_01
q_boss_5,TSA,Toan 12,Hinh hoc Oxyz,Cuc tri hinh hoc,skill_modeling;skill_reasoning,Rat kho,M4,300,single_choice,"Trong khong gian Oxyz, cho mat cau (S): x^2 + y^2 + z^2 = 5. Tim GTLN cua P = x+y+z.",\\sqrt{15},\\sqrt{5},3\\sqrt{5},\\sqrt{10},A,Dung Bunhiacopxki: (x+y+z)^2 \\le 3(x^2+y^2+z^2) = 3(5). Vay GTLN la \\sqrt{15}.,generated,PUMKIN.DEV M4 Gen,CC BY-NC-SA 4.0,kb_toan12_01
q_boss_6,TSA,Toan 12,Hinh hoc Oxyz,Cuc tri hinh hoc,skill_modeling;skill_reasoning,Rat kho,M4,300,single_choice,"Trong khong gian Oxyz, cho mat cau (S): x^2 + y^2 + z^2 = 6. Tim GTLN cua P = x+y+z.",\\sqrt{18},\\sqrt{6},3\\sqrt{6},\\sqrt{12},A,Dung Bunhiacopxki: (x+y+z)^2 \\le 3(x^2+y^2+z^2) = 3(6). Vay GTLN la \\sqrt{18}.,generated,PUMKIN.DEV M4 Gen,CC BY-NC-SA 4.0,kb_toan12_01
q_boss_7,TSA,Toan 12,Hinh hoc Oxyz,Cuc tri hinh hoc,skill_modeling;skill_reasoning,Rat kho,M4,300,single_choice,"Trong khong gian Oxyz, cho mat cau (S): x^2 + y^2 + z^2 = 7. Tim GTLN cua P = x+y+z.",\\sqrt{21},\\sqrt{7},3\\sqrt{7},\\sqrt{14},A,Dung Bunhiacopxki: (x+y+z)^2 \\le 3(x^2+y^2+z^2) = 3(7). Vay GTLN la \\sqrt{21}.,generated,PUMKIN.DEV M4 Gen,CC BY-NC-SA 4.0,kb_toan12_01
q_boss_8,TSA,Toan 12,Hinh hoc Oxyz,Cuc tri hinh hoc,skill_modeling;skill_reasoning,Rat kho,M4,300,single_choice,"Trong khong gian Oxyz, cho mat cau (S): x^2 + y^2 + z^2 = 8. Tim GTLN cua P = x+y+z.",\\sqrt{24},\\sqrt{8},3\\sqrt{8},\\sqrt{16},A,Dung Bunhiacopxki: (x+y+z)^2 \\le 3(x^2+y^2+z^2) = 3(8). Vay GTLN la \\sqrt{24}.,generated,PUMKIN.DEV M4 Gen,CC BY-NC-SA 4.0,kb_toan12_01
q_boss_9,TSA,Toan 12,Hinh hoc Oxyz,Cuc tri hinh hoc,skill_modeling;skill_reasoning,Rat kho,M4,300,single_choice,"Trong khong gian Oxyz, cho mat cau (S): x^2 + y^2 + z^2 = 9. Tim GTLN cua P = x+y+z.",\\sqrt{27},\\sqrt{9},3\\sqrt{9},\\sqrt{18},A,Dung Bunhiacopxki: (x+y+z)^2 \\le 3(x^2+y^2+z^2) = 3(9). Vay GTLN la \\sqrt{27}.,generated,PUMKIN.DEV M4 Gen,CC BY-NC-SA 4.0,kb_toan12_01
q_boss_10,TSA,Toan 12,Hinh hoc Oxyz,Cuc tri hinh hoc,skill_modeling;skill_reasoning,Rat kho,M4,300,single_choice,"Trong khong gian Oxyz, cho mat cau (S): x^2 + y^2 + z^2 = 10. Tim GTLN cua P = x+y+z.",\\sqrt{30},\\sqrt{10},3\\sqrt{10},\\sqrt{20},A,Dung Bunhiacopxki: (x+y+z)^2 \\le 3(x^2+y^2+z^2) = 3(10). Vay GTLN la \\sqrt{30}.,generated,PUMKIN.DEV M4 Gen,CC BY-NC-SA 4.0,kb_toan12_01
q_boss_11,TSA,Toan 12,Hinh hoc Oxyz,Cuc tri hinh hoc,skill_modeling;skill_reasoning,Rat kho,M4,300,single_choice,"Trong khong gian Oxyz, cho mat cau (S): x^2 + y^2 + z^2 = 11. Tim GTLN cua P = x+y+z.",\\sqrt{33},\\sqrt{11},3\\sqrt{11},\\sqrt{22},A,Dung Bunhiacopxki: (x+y+z)^2 \\le 3(x^2+y^2+z^2) = 3(11). Vay GTLN la \\sqrt{33}.,generated,PUMKIN.DEV M4 Gen,CC BY-NC-SA 4.0,kb_toan12_01
q_boss_12,TSA,Toan 12,Hinh hoc Oxyz,Cuc tri hinh hoc,skill_modeling;skill_reasoning,Rat kho,M4,300,single_choice,"Trong khong gian Oxyz, cho mat cau (S): x^2 + y^2 + z^2 = 12. Tim GTLN cua P = x+y+z.",\\sqrt{36},\\sqrt{12},3\\sqrt{12},\\sqrt{24},A,Dung Bunhiacopxki: (x+y+z)^2 \\le 3(x^2+y^2+z^2) = 3(12). Vay GTLN la \\sqrt{36}.,generated,PUMKIN.DEV M4 Gen,CC BY-NC-SA 4.0,kb_toan12_01
q_boss_13,TSA,Toan 12,Hinh hoc Oxyz,Cuc tri hinh hoc,skill_modeling;skill_reasoning,Rat kho,M4,300,single_choice,"Trong khong gian Oxyz, cho mat cau (S): x^2 + y^2 + z^2 = 13. Tim GTLN cua P = x+y+z.",\\sqrt{39},\\sqrt{13},3\\sqrt{13},\\sqrt{26},A,Dung Bunhiacopxki: (x+y+z)^2 \\le 3(x^2+y^2+z^2) = 3(13). Vay GTLN la \\sqrt{39}.,generated,PUMKIN.DEV M4 Gen,CC BY-NC-SA 4.0,kb_toan12_01
q_boss_14,TSA,Toan 12,Hinh hoc Oxyz,Cuc tri hinh hoc,skill_modeling;skill_reasoning,Rat kho,M4,300,single_choice,"Trong khong gian Oxyz, cho mat cau (S): x^2 + y^2 + z^2 = 14. Tim GTLN cua P = x+y+z.",\\sqrt{42},\\sqrt{14},3\\sqrt{14},\\sqrt{28},A,Dung Bunhiacopxki: (x+y+z)^2 \\le 3(x^2+y^2+z^2) = 3(14). Vay GTLN la \\sqrt{42}.,generated,PUMKIN.DEV M4 Gen,CC BY-NC-SA 4.0,kb_toan12_01
q_boss_15,TSA,Toan 12,Hinh hoc Oxyz,Cuc tri hinh hoc,skill_modeling;skill_reasoning,Rat kho,M4,300,single_choice,"Trong khong gian Oxyz, cho mat cau (S): x^2 + y^2 + z^2 = 15. Tim GTLN cua P = x+y+z.",\\sqrt{45},\\sqrt{15},3\\sqrt{15},\\sqrt{30},A,Dung Bunhiacopxki: (x+y+z)^2 \\le 3(x^2+y^2+z^2) = 3(15). Vay GTLN la \\sqrt{45}.,generated,PUMKIN.DEV M4 Gen,CC BY-NC-SA 4.0,kb_toan12_01
q_boss_16,TSA,Toan 12,Hinh hoc Oxyz,Cuc tri hinh hoc,skill_modeling;skill_reasoning,Rat kho,M4,300,single_choice,"Trong khong gian Oxyz, cho mat cau (S): x^2 + y^2 + z^2 = 16. Tim GTLN cua P = x+y+z.",\\sqrt{48},\\sqrt{16},3\\sqrt{16},\\sqrt{32},A,Dung Bunhiacopxki: (x+y+z)^2 \\le 3(x^2+y^2+z^2) = 3(16). Vay GTLN la \\sqrt{48}.,generated,PUMKIN.DEV M4 Gen,CC BY-NC-SA 4.0,kb_toan12_01
q_boss_extra_1,TSA,Toan 12,Hinh hoc Oxyz,Cuc tri hinh hoc,skill_modeling;skill_reasoning,Rat kho,M4,300,single_choice,Cau hoi Boss bo sung 1,A,B,C,D,A,Giai thich Boss 1,generated,PUMKIN.DEV M4 Gen,CC BY-NC-SA 4.0,kb_toan12_01
q_boss_extra_2,TSA,Toan 12,Hinh hoc Oxyz,Cuc tri hinh hoc,skill_modeling;skill_reasoning,Rat kho,M4,300,single_choice,Cau hoi Boss bo sung 2,A,B,C,D,A,Giai thich Boss 2,generated,PUMKIN.DEV M4 Gen,CC BY-NC-SA 4.0,kb_toan12_01
q_gen_m1_batch2_0,THPT,Toán 12,Giải tích,Khảo sát hàm số,skill_recognition,Dễ,M1,30,single_choice,Khẳng định nào sau đây là đúng về đạo hàm của hàm số hằng $y = 10$?,$y' = 0$,$y' = 1$,$y' = 10$,Không tồn tại đạo hàm,A,Đạo hàm của một hằng số luôn bằng 0.,generated,PUMKIN.DEV Sprint 1 M1 Gen,CC BY-NC-SA 4.0,kb_toan12_01
q_gen_m1_batch2_1,THPT,Toán 12,Giải tích,Khảo sát hàm số,skill_recognition,Dễ,M1,30,single_choice,Khẳng định nào sau đây là đúng về đạo hàm của hàm số hằng $y = 11$?,$y' = 0$,$y' = 1$,$y' = 11$,Không tồn tại đạo hàm,A,Đạo hàm của một hằng số luôn bằng 0.,generated,PUMKIN.DEV Sprint 1 M1 Gen,CC BY-NC-SA 4.0,kb_toan12_01
q_gen_m1_batch2_2,THPT,Toán 12,Giải tích,Khảo sát hàm số,skill_recognition,Dễ,M1,30,single_choice,Khẳng định nào sau đây là đúng về đạo hàm của hàm số hằng $y = 12$?,$y' = 0$,$y' = 1$,$y' = 12$,Không tồn tại đạo hàm,A,Đạo hàm của một hằng số luôn bằng 0.,generated,PUMKIN.DEV Sprint 1 M1 Gen,CC BY-NC-SA 4.0,kb_toan12_01
q_gen_m1_batch2_3,THPT,Toán 12,Giải tích,Khảo sát hàm số,skill_recognition,Dễ,M1,30,single_choice,Khẳng định nào sau đây là đúng về đạo hàm của hàm số hằng $y = 13$?,$y' = 0$,$y' = 1$,$y' = 13$,Không tồn tại đạo hàm,A,Đạo hàm của một hằng số luôn bằng 0.,generated,PUMKIN.DEV Sprint 1 M1 Gen,CC BY-NC-SA 4.0,kb_toan12_01
q_gen_m1_batch2_4,THPT,Toán 12,Giải tích,Khảo sát hàm số,skill_recognition,Dễ,M1,30,single_choice,Khẳng định nào sau đây là đúng về đạo hàm của hàm số hằng $y = 14$?,$y' = 0$,$y' = 1$,$y' = 14$,Không tồn tại đạo hàm,A,Đạo hàm của một hằng số luôn bằng 0.,generated,PUMKIN.DEV Sprint 1 M1 Gen,CC BY-NC-SA 4.0,kb_toan12_01
q_gen_m1_batch2_5,THPT,Toán 12,Giải tích,Khảo sát hàm số,skill_recognition,Dễ,M1,30,single_choice,Khẳng định nào sau đây là đúng về đạo hàm của hàm số hằng $y = 15$?,$y' = 0$,$y' = 1$,$y' = 15$,Không tồn tại đạo hàm,A,Đạo hàm của một hằng số luôn bằng 0.,generated,PUMKIN.DEV Sprint 1 M1 Gen,CC BY-NC-SA 4.0,kb_toan12_01
q_gen_m1_batch2_6,THPT,Toán 12,Giải tích,Khảo sát hàm số,skill_recognition,Dễ,M1,30,single_choice,Khẳng định nào sau đây là đúng về đạo hàm của hàm số hằng $y = 16$?,$y' = 0$,$y' = 1$,$y' = 16$,Không tồn tại đạo hàm,A,Đạo hàm của một hằng số luôn bằng 0.,generated,PUMKIN.DEV Sprint 1 M1 Gen,CC BY-NC-SA 4.0,kb_toan12_01
q_gen_m1_batch2_7,THPT,Toán 12,Giải tích,Khảo sát hàm số,skill_recognition,Dễ,M1,30,single_choice,Khẳng định nào sau đây là đúng về đạo hàm của hàm số hằng $y = 17$?,$y' = 0$,$y' = 1$,$y' = 17$,Không tồn tại đạo hàm,A,Đạo hàm của một hằng số luôn bằng 0.,generated,PUMKIN.DEV Sprint 1 M1 Gen,CC BY-NC-SA 4.0,kb_toan12_01
q_gen_m1_batch2_8,THPT,Toán 12,Giải tích,Khảo sát hàm số,skill_recognition,Dễ,M1,30,single_choice,Khẳng định nào sau đây là đúng về đạo hàm của hàm số hằng $y = 18$?,$y' = 0$,$y' = 1$,$y' = 18$,Không tồn tại đạo hàm,A,Đạo hàm của một hằng số luôn bằng 0.,generated,PUMKIN.DEV Sprint 1 M1 Gen,CC BY-NC-SA 4.0,kb_toan12_01
q_gen_m1_batch2_9,THPT,Toán 12,Giải tích,Khảo sát hàm số,skill_recognition,Dễ,M1,30,single_choice,Khẳng định nào sau đây là đúng về đạo hàm của hàm số hằng $y = 19$?,$y' = 0$,$y' = 1$,$y' = 19$,Không tồn tại đạo hàm,A,Đạo hàm của một hằng số luôn bằng 0.,generated,PUMKIN.DEV Sprint 1 M1 Gen,CC BY-NC-SA 4.0,kb_toan12_01
q_gen_m1_batch2_10,THPT,Toán 12,Giải tích,Khảo sát hàm số,skill_recognition,Dễ,M1,30,single_choice,Khẳng định nào sau đây là đúng về đạo hàm của hàm số hằng $y = 20$?,$y' = 0$,$y' = 1$,$y' = 20$,Không tồn tại đạo hàm,A,Đạo hàm của một hằng số luôn bằng 0.,generated,PUMKIN.DEV Sprint 1 M1 Gen,CC BY-NC-SA 4.0,kb_toan12_01
q_gen_m1_batch2_11,THPT,Toán 12,Giải tích,Khảo sát hàm số,skill_recognition,Dễ,M1,30,single_choice,Khẳng định nào sau đây là đúng về đạo hàm của hàm số hằng $y = 21$?,$y' = 0$,$y' = 1$,$y' = 21$,Không tồn tại đạo hàm,A,Đạo hàm của một hằng số luôn bằng 0.,generated,PUMKIN.DEV Sprint 1 M1 Gen,CC BY-NC-SA 4.0,kb_toan12_01
q_gen_m1_batch2_12,THPT,Toán 12,Giải tích,Khảo sát hàm số,skill_recognition,Dễ,M1,30,single_choice,Khẳng định nào sau đây là đúng về đạo hàm của hàm số hằng $y = 22$?,$y' = 0$,$y' = 1$,$y' = 22$,Không tồn tại đạo hàm,A,Đạo hàm của một hằng số luôn bằng 0.,generated,PUMKIN.DEV Sprint 1 M1 Gen,CC BY-NC-SA 4.0,kb_toan12_01
q_gen_m1_batch2_13,THPT,Toán 12,Giải tích,Khảo sát hàm số,skill_recognition,Dễ,M1,30,single_choice,Khẳng định nào sau đây là đúng về đạo hàm của hàm số hằng $y = 23$?,$y' = 0$,$y' = 1$,$y' = 23$,Không tồn tại đạo hàm,A,Đạo hàm của một hằng số luôn bằng 0.,generated,PUMKIN.DEV Sprint 1 M1 Gen,CC BY-NC-SA 4.0,kb_toan12_01
q_gen_m1_batch2_14,THPT,Toán 12,Giải tích,Khảo sát hàm số,skill_recognition,Dễ,M1,30,single_choice,Khẳng định nào sau đây là đúng về đạo hàm của hàm số hằng $y = 24$?,$y' = 0$,$y' = 1$,$y' = 24$,Không tồn tại đạo hàm,A,Đạo hàm của một hằng số luôn bằng 0.,generated,PUMKIN.DEV Sprint 1 M1 Gen,CC BY-NC-SA 4.0,kb_toan12_01
q_gen_m1_batch2_15,THPT,Toán 12,Giải tích,Khảo sát hàm số,skill_recognition,Dễ,M1,30,single_choice,Khẳng định nào sau đây là đúng về đạo hàm của hàm số hằng $y = 25$?,$y' = 0$,$y' = 1$,$y' = 25$,Không tồn tại đạo hàm,A,Đạo hàm của một hằng số luôn bằng 0.,generated,PUMKIN.DEV Sprint 1 M1 Gen,CC BY-NC-SA 4.0,kb_toan12_01
q_gen_m1_batch2_16,THPT,Toán 12,Giải tích,Khảo sát hàm số,skill_recognition,Dễ,M1,30,single_choice,Khẳng định nào sau đây là đúng về đạo hàm của hàm số hằng $y = 26$?,$y' = 0$,$y' = 1$,$y' = 26$,Không tồn tại đạo hàm,A,Đạo hàm của một hằng số luôn bằng 0.,generated,PUMKIN.DEV Sprint 1 M1 Gen,CC BY-NC-SA 4.0,kb_toan12_01
q_gen_m1_batch2_17,THPT,Toán 12,Giải tích,Khảo sát hàm số,skill_recognition,Dễ,M1,30,single_choice,Khẳng định nào sau đây là đúng về đạo hàm của hàm số hằng $y = 27$?,$y' = 0$,$y' = 1$,$y' = 27$,Không tồn tại đạo hàm,A,Đạo hàm của một hằng số luôn bằng 0.,generated,PUMKIN.DEV Sprint 1 M1 Gen,CC BY-NC-SA 4.0,kb_toan12_01
q_gen_m1_batch2_18,THPT,Toán 12,Giải tích,Khảo sát hàm số,skill_recognition,Dễ,M1,30,single_choice,Khẳng định nào sau đây là đúng về đạo hàm của hàm số hằng $y = 28$?,$y' = 0$,$y' = 1$,$y' = 28$,Không tồn tại đạo hàm,A,Đạo hàm của một hằng số luôn bằng 0.,generated,PUMKIN.DEV Sprint 1 M1 Gen,CC BY-NC-SA 4.0,kb_toan12_01
q_gen_m1_batch2_19,THPT,Toán 12,Giải tích,Khảo sát hàm số,skill_recognition,Dễ,M1,30,single_choice,Khẳng định nào sau đây là đúng về đạo hàm của hàm số hằng $y = 29$?,$y' = 0$,$y' = 1$,$y' = 29$,Không tồn tại đạo hàm,A,Đạo hàm của một hằng số luôn bằng 0.,generated,PUMKIN.DEV Sprint 1 M1 Gen,CC BY-NC-SA 4.0,kb_toan12_01
q_gen_m1_batch2_20,THPT,Toán 12,Giải tích,Khảo sát hàm số,skill_recognition,Dễ,M1,30,single_choice,Khẳng định nào sau đây là đúng về đạo hàm của hàm số hằng $y = 30$?,$y' = 0$,$y' = 1$,$y' = 30$,Không tồn tại đạo hàm,A,Đạo hàm của một hằng số luôn bằng 0.,generated,PUMKIN.DEV Sprint 1 M1 Gen,CC BY-NC-SA 4.0,kb_toan12_01
q_gen_m1_batch2_21,THPT,Toán 12,Giải tích,Khảo sát hàm số,skill_recognition,Dễ,M1,30,single_choice,Khẳng định nào sau đây là đúng về đạo hàm của hàm số hằng $y = 31$?,$y' = 0$,$y' = 1$,$y' = 31$,Không tồn tại đạo hàm,A,Đạo hàm của một hằng số luôn bằng 0.,generated,PUMKIN.DEV Sprint 1 M1 Gen,CC BY-NC-SA 4.0,kb_toan12_01
q_gen_m1_batch2_22,THPT,Toán 12,Giải tích,Khảo sát hàm số,skill_recognition,Dễ,M1,30,single_choice,Khẳng định nào sau đây là đúng về đạo hàm của hàm số hằng $y = 32$?,$y' = 0$,$y' = 1$,$y' = 32$,Không tồn tại đạo hàm,A,Đạo hàm của một hằng số luôn bằng 0.,generated,PUMKIN.DEV Sprint 1 M1 Gen,CC BY-NC-SA 4.0,kb_toan12_01
q_gen_m1_batch2_23,THPT,Toán 12,Giải tích,Khảo sát hàm số,skill_recognition,Dễ,M1,30,single_choice,Khẳng định nào sau đây là đúng về đạo hàm của hàm số hằng $y = 33$?,$y' = 0$,$y' = 1$,$y' = 33$,Không tồn tại đạo hàm,A,Đạo hàm của một hằng số luôn bằng 0.,generated,PUMKIN.DEV Sprint 1 M1 Gen,CC BY-NC-SA 4.0,kb_toan12_01
q_gen_m1_batch2_24,THPT,Toán 12,Giải tích,Khảo sát hàm số,skill_recognition,Dễ,M1,30,single_choice,Khẳng định nào sau đây là đúng về đạo hàm của hàm số hằng $y = 34$?,$y' = 0$,$y' = 1$,$y' = 34$,Không tồn tại đạo hàm,A,Đạo hàm của một hằng số luôn bằng 0.,generated,PUMKIN.DEV Sprint 1 M1 Gen,CC BY-NC-SA 4.0,kb_toan12_01
q_gen_m1_batch2_25,THPT,Toán 12,Giải tích,Khảo sát hàm số,skill_recognition,Dễ,M1,30,single_choice,Khẳng định nào sau đây là đúng về đạo hàm của hàm số hằng $y = 35$?,$y' = 0$,$y' = 1$,$y' = 35$,Không tồn tại đạo hàm,A,Đạo hàm của một hằng số luôn bằng 0.,generated,PUMKIN.DEV Sprint 1 M1 Gen,CC BY-NC-SA 4.0,kb_toan12_01
q_gen_m1_batch2_26,THPT,Toán 12,Giải tích,Khảo sát hàm số,skill_recognition,Dễ,M1,30,single_choice,Khẳng định nào sau đây là đúng về đạo hàm của hàm số hằng $y = 36$?,$y' = 0$,$y' = 1$,$y' = 36$,Không tồn tại đạo hàm,A,Đạo hàm của một hằng số luôn bằng 0.,generated,PUMKIN.DEV Sprint 1 M1 Gen,CC BY-NC-SA 4.0,kb_toan12_01
q_gen_m1_batch2_27,THPT,Toán 12,Giải tích,Khảo sát hàm số,skill_recognition,Dễ,M1,30,single_choice,Khẳng định nào sau đây là đúng về đạo hàm của hàm số hằng $y = 37$?,$y' = 0$,$y' = 1$,$y' = 37$,Không tồn tại đạo hàm,A,Đạo hàm của một hằng số luôn bằng 0.,generated,PUMKIN.DEV Sprint 1 M1 Gen,CC BY-NC-SA 4.0,kb_toan12_01
q_gen_m1_batch2_28,THPT,Toán 12,Giải tích,Khảo sát hàm số,skill_recognition,Dễ,M1,30,single_choice,Khẳng định nào sau đây là đúng về đạo hàm của hàm số hằng $y = 38$?,$y' = 0$,$y' = 1$,$y' = 38$,Không tồn tại đạo hàm,A,Đạo hàm của một hằng số luôn bằng 0.,generated,PUMKIN.DEV Sprint 1 M1 Gen,CC BY-NC-SA 4.0,kb_toan12_01
q_gen_m1_batch2_29,THPT,Toán 12,Giải tích,Khảo sát hàm số,skill_recognition,Dễ,M1,30,single_choice,Khẳng định nào sau đây là đúng về đạo hàm của hàm số hằng $y = 39$?,$y' = 0$,$y' = 1$,$y' = 39$,Không tồn tại đạo hàm,A,Đạo hàm của một hằng số luôn bằng 0.,generated,PUMKIN.DEV Sprint 1 M1 Gen,CC BY-NC-SA 4.0,kb_toan12_01
q_gen_m1_batch2_30,THPT,Toán 12,Giải tích,Khảo sát hàm số,skill_recognition,Dễ,M1,30,single_choice,Khẳng định nào sau đây là đúng về đạo hàm của hàm số hằng $y = 40$?,$y' = 0$,$y' = 1$,$y' = 40$,Không tồn tại đạo hàm,A,Đạo hàm của một hằng số luôn bằng 0.,generated,PUMKIN.DEV Sprint 1 M1 Gen,CC BY-NC-SA 4.0,kb_toan12_01
q_gen_m1_batch2_31,THPT,Toán 12,Giải tích,Khảo sát hàm số,skill_recognition,Dễ,M1,30,single_choice,Khẳng định nào sau đây là đúng về đạo hàm của hàm số hằng $y = 41$?,$y' = 0$,$y' = 1$,$y' = 41$,Không tồn tại đạo hàm,A,Đạo hàm của một hằng số luôn bằng 0.,generated,PUMKIN.DEV Sprint 1 M1 Gen,CC BY-NC-SA 4.0,kb_toan12_01
q_gen_m1_batch2_32,THPT,Toán 12,Giải tích,Khảo sát hàm số,skill_recognition,Dễ,M1,30,single_choice,Khẳng định nào sau đây là đúng về đạo hàm của hàm số hằng $y = 42$?,$y' = 0$,$y' = 1$,$y' = 42$,Không tồn tại đạo hàm,A,Đạo hàm của một hằng số luôn bằng 0.,generated,PUMKIN.DEV Sprint 1 M1 Gen,CC BY-NC-SA 4.0,kb_toan12_01
q_gen_m1_batch2_33,THPT,Toán 12,Giải tích,Khảo sát hàm số,skill_recognition,Dễ,M1,30,single_choice,Khẳng định nào sau đây là đúng về đạo hàm của hàm số hằng $y = 43$?,$y' = 0$,$y' = 1$,$y' = 43$,Không tồn tại đạo hàm,A,Đạo hàm của một hằng số luôn bằng 0.,generated,PUMKIN.DEV Sprint 1 M1 Gen,CC BY-NC-SA 4.0,kb_toan12_01
q_gen_m1_batch2_34,THPT,Toán 12,Giải tích,Khảo sát hàm số,skill_recognition,Dễ,M1,30,single_choice,Khẳng định nào sau đây là đúng về đạo hàm của hàm số hằng $y = 44$?,$y' = 0$,$y' = 1$,$y' = 44$,Không tồn tại đạo hàm,A,Đạo hàm của một hằng số luôn bằng 0.,generated,PUMKIN.DEV Sprint 1 M1 Gen,CC BY-NC-SA 4.0,kb_toan12_01
q_gen_m1_batch2_35,THPT,Toán 12,Giải tích,Khảo sát hàm số,skill_recognition,Dễ,M1,30,single_choice,Khẳng định nào sau đây là đúng về đạo hàm của hàm số hằng $y = 45$?,$y' = 0$,$y' = 1$,$y' = 45$,Không tồn tại đạo hàm,A,Đạo hàm của một hằng số luôn bằng 0.,generated,PUMKIN.DEV Sprint 1 M1 Gen,CC BY-NC-SA 4.0,kb_toan12_01
q_gen_m1_batch2_36,THPT,Toán 12,Giải tích,Khảo sát hàm số,skill_recognition,Dễ,M1,30,single_choice,Khẳng định nào sau đây là đúng về đạo hàm của hàm số hằng $y = 46$?,$y' = 0$,$y' = 1$,$y' = 46$,Không tồn tại đạo hàm,A,Đạo hàm của một hằng số luôn bằng 0.,generated,PUMKIN.DEV Sprint 1 M1 Gen,CC BY-NC-SA 4.0,kb_toan12_01
q_gen_m1_batch2_37,THPT,Toán 12,Giải tích,Khảo sát hàm số,skill_recognition,Dễ,M1,30,single_choice,Khẳng định nào sau đây là đúng về đạo hàm của hàm số hằng $y = 47$?,$y' = 0$,$y' = 1$,$y' = 47$,Không tồn tại đạo hàm,A,Đạo hàm của một hằng số luôn bằng 0.,generated,PUMKIN.DEV Sprint 1 M1 Gen,CC BY-NC-SA 4.0,kb_toan12_01
q_gen_m1_batch2_38,THPT,Toán 12,Giải tích,Khảo sát hàm số,skill_recognition,Dễ,M1,30,single_choice,Khẳng định nào sau đây là đúng về đạo hàm của hàm số hằng $y = 48$?,$y' = 0$,$y' = 1$,$y' = 48$,Không tồn tại đạo hàm,A,Đạo hàm của một hằng số luôn bằng 0.,generated,PUMKIN.DEV Sprint 1 M1 Gen,CC BY-NC-SA 4.0,kb_toan12_01
q_gen_m1_batch2_39,THPT,Toán 12,Giải tích,Khảo sát hàm số,skill_recognition,Dễ,M1,30,single_choice,Khẳng định nào sau đây là đúng về đạo hàm của hàm số hằng $y = 49$?,$y' = 0$,$y' = 1$,$y' = 49$,Không tồn tại đạo hàm,A,Đạo hàm của một hằng số luôn bằng 0.,generated,PUMKIN.DEV Sprint 1 M1 Gen,CC BY-NC-SA 4.0,kb_toan12_01
q_gen_m1_batch2_40,THPT,Toán 12,Giải tích,Khảo sát hàm số,skill_recognition,Dễ,M1,30,single_choice,Khẳng định nào sau đây là đúng về đạo hàm của hàm số hằng $y = 50$?,$y' = 0$,$y' = 1$,$y' = 50$,Không tồn tại đạo hàm,A,Đạo hàm của một hằng số luôn bằng 0.,generated,PUMKIN.DEV Sprint 1 M1 Gen,CC BY-NC-SA 4.0,kb_toan12_01
q_gen_m1_batch2_41,THPT,Toán 12,Giải tích,Khảo sát hàm số,skill_recognition,Dễ,M1,30,single_choice,Khẳng định nào sau đây là đúng về đạo hàm của hàm số hằng $y = 51$?,$y' = 0$,$y' = 1$,$y' = 51$,Không tồn tại đạo hàm,A,Đạo hàm của một hằng số luôn bằng 0.,generated,PUMKIN.DEV Sprint 1 M1 Gen,CC BY-NC-SA 4.0,kb_toan12_01
q_gen_m1_batch2_42,THPT,Toán 12,Giải tích,Khảo sát hàm số,skill_recognition,Dễ,M1,30,single_choice,Khẳng định nào sau đây là đúng về đạo hàm của hàm số hằng $y = 52$?,$y' = 0$,$y' = 1$,$y' = 52$,Không tồn tại đạo hàm,A,Đạo hàm của một hằng số luôn bằng 0.,generated,PUMKIN.DEV Sprint 1 M1 Gen,CC BY-NC-SA 4.0,kb_toan12_01
q_gen_m1_batch2_43,THPT,Toán 12,Giải tích,Khảo sát hàm số,skill_recognition,Dễ,M1,30,single_choice,Khẳng định nào sau đây là đúng về đạo hàm của hàm số hằng $y = 53$?,$y' = 0$,$y' = 1$,$y' = 53$,Không tồn tại đạo hàm,A,Đạo hàm của một hằng số luôn bằng 0.,generated,PUMKIN.DEV Sprint 1 M1 Gen,CC BY-NC-SA 4.0,kb_toan12_01
q_gen_m1_batch2_44,THPT,Toán 12,Giải tích,Khảo sát hàm số,skill_recognition,Dễ,M1,30,single_choice,Khẳng định nào sau đây là đúng về đạo hàm của hàm số hằng $y = 54$?,$y' = 0$,$y' = 1$,$y' = 54$,Không tồn tại đạo hàm,A,Đạo hàm của một hằng số luôn bằng 0.,generated,PUMKIN.DEV Sprint 1 M1 Gen,CC BY-NC-SA 4.0,kb_toan12_01
q_gen_m1_batch2_45,THPT,Toán 12,Giải tích,Khảo sát hàm số,skill_recognition,Dễ,M1,30,single_choice,Khẳng định nào sau đây là đúng về đạo hàm của hàm số hằng $y = 55$?,$y' = 0$,$y' = 1$,$y' = 55$,Không tồn tại đạo hàm,A,Đạo hàm của một hằng số luôn bằng 0.,generated,PUMKIN.DEV Sprint 1 M1 Gen,CC BY-NC-SA 4.0,kb_toan12_01
q_gen_m1_batch2_46,THPT,Toán 12,Giải tích,Khảo sát hàm số,skill_recognition,Dễ,M1,30,single_choice,Khẳng định nào sau đây là đúng về đạo hàm của hàm số hằng $y = 56$?,$y' = 0$,$y' = 1$,$y' = 56$,Không tồn tại đạo hàm,A,Đạo hàm của một hằng số luôn bằng 0.,generated,PUMKIN.DEV Sprint 1 M1 Gen,CC BY-NC-SA 4.0,kb_toan12_01
q_gen_m1_batch2_47,THPT,Toán 12,Giải tích,Khảo sát hàm số,skill_recognition,Dễ,M1,30,single_choice,Khẳng định nào sau đây là đúng về đạo hàm của hàm số hằng $y = 57$?,$y' = 0$,$y' = 1$,$y' = 57$,Không tồn tại đạo hàm,A,Đạo hàm của một hằng số luôn bằng 0.,generated,PUMKIN.DEV Sprint 1 M1 Gen,CC BY-NC-SA 4.0,kb_toan12_01
q_gen_m1_batch2_48,THPT,Toán 12,Giải tích,Khảo sát hàm số,skill_recognition,Dễ,M1,30,single_choice,Khẳng định nào sau đây là đúng về đạo hàm của hàm số hằng $y = 58$?,$y' = 0$,$y' = 1$,$y' = 58$,Không tồn tại đạo hàm,A,Đạo hàm của một hằng số luôn bằng 0.,generated,PUMKIN.DEV Sprint 1 M1 Gen,CC BY-NC-SA 4.0,kb_toan12_01
q_gen_m1_batch2_49,THPT,Toán 12,Giải tích,Khảo sát hàm số,skill_recognition,Dễ,M1,30,single_choice,Khẳng định nào sau đây là đúng về đạo hàm của hàm số hằng $y = 59$?,$y' = 0$,$y' = 1$,$y' = 59$,Không tồn tại đạo hàm,A,Đạo hàm của một hằng số luôn bằng 0.,generated,PUMKIN.DEV Sprint 1 M1 Gen,CC BY-NC-SA 4.0,kb_toan12_01
q_gen_m1_batch2_50,THPT,Toán 12,Giải tích,Khảo sát hàm số,skill_recognition,Dễ,M1,30,single_choice,Khẳng định nào sau đây là đúng về đạo hàm của hàm số hằng $y = 60$?,$y' = 0$,$y' = 1$,$y' = 60$,Không tồn tại đạo hàm,A,Đạo hàm của một hằng số luôn bằng 0.,generated,PUMKIN.DEV Sprint 1 M1 Gen,CC BY-NC-SA 4.0,kb_toan12_01
q_gen_m1_batch2_51,THPT,Toán 12,Giải tích,Khảo sát hàm số,skill_recognition,Dễ,M1,30,single_choice,Khẳng định nào sau đây là đúng về đạo hàm của hàm số hằng $y = 61$?,$y' = 0$,$y' = 1$,$y' = 61$,Không tồn tại đạo hàm,A,Đạo hàm của một hằng số luôn bằng 0.,generated,PUMKIN.DEV Sprint 1 M1 Gen,CC BY-NC-SA 4.0,kb_toan12_01
q_gen_m1_batch2_52,THPT,Toán 12,Giải tích,Khảo sát hàm số,skill_recognition,Dễ,M1,30,single_choice,Khẳng định nào sau đây là đúng về đạo hàm của hàm số hằng $y = 62$?,$y' = 0$,$y' = 1$,$y' = 62$,Không tồn tại đạo hàm,A,Đạo hàm của một hằng số luôn bằng 0.,generated,PUMKIN.DEV Sprint 1 M1 Gen,CC BY-NC-SA 4.0,kb_toan12_01
q_gen_m1_batch2_53,THPT,Toán 12,Giải tích,Khảo sát hàm số,skill_recognition,Dễ,M1,30,single_choice,Khẳng định nào sau đây là đúng về đạo hàm của hàm số hằng $y = 63$?,$y' = 0$,$y' = 1$,$y' = 63$,Không tồn tại đạo hàm,A,Đạo hàm của một hằng số luôn bằng 0.,generated,PUMKIN.DEV Sprint 1 M1 Gen,CC BY-NC-SA 4.0,kb_toan12_01
q_gen_m1_batch2_54,THPT,Toán 12,Giải tích,Khảo sát hàm số,skill_recognition,Dễ,M1,30,single_choice,Khẳng định nào sau đây là đúng về đạo hàm của hàm số hằng $y = 64$?,$y' = 0$,$y' = 1$,$y' = 64$,Không tồn tại đạo hàm,A,Đạo hàm của một hằng số luôn bằng 0.,generated,PUMKIN.DEV Sprint 1 M1 Gen,CC BY-NC-SA 4.0,kb_toan12_01
q_gen_m1_batch2_55,THPT,Toán 12,Giải tích,Khảo sát hàm số,skill_recognition,Dễ,M1,30,single_choice,Khẳng định nào sau đây là đúng về đạo hàm của hàm số hằng $y = 65$?,$y' = 0$,$y' = 1$,$y' = 65$,Không tồn tại đạo hàm,A,Đạo hàm của một hằng số luôn bằng 0.,generated,PUMKIN.DEV Sprint 1 M1 Gen,CC BY-NC-SA 4.0,kb_toan12_01
q_gen_m1_batch2_56,THPT,Toán 12,Giải tích,Khảo sát hàm số,skill_recognition,Dễ,M1,30,single_choice,Khẳng định nào sau đây là đúng về đạo hàm của hàm số hằng $y = 66$?,$y' = 0$,$y' = 1$,$y' = 66$,Không tồn tại đạo hàm,A,Đạo hàm của một hằng số luôn bằng 0.,generated,PUMKIN.DEV Sprint 1 M1 Gen,CC BY-NC-SA 4.0,kb_toan12_01
q_gen_m1_batch2_57,THPT,Toán 12,Giải tích,Khảo sát hàm số,skill_recognition,Dễ,M1,30,single_choice,Khẳng định nào sau đây là đúng về đạo hàm của hàm số hằng $y = 67$?,$y' = 0$,$y' = 1$,$y' = 67$,Không tồn tại đạo hàm,A,Đạo hàm của một hằng số luôn bằng 0.,generated,PUMKIN.DEV Sprint 1 M1 Gen,CC BY-NC-SA 4.0,kb_toan12_01
q_gen_m1_batch2_58,THPT,Toán 12,Giải tích,Khảo sát hàm số,skill_recognition,Dễ,M1,30,single_choice,Khẳng định nào sau đây là đúng về đạo hàm của hàm số hằng $y = 68$?,$y' = 0$,$y' = 1$,$y' = 68$,Không tồn tại đạo hàm,A,Đạo hàm của một hằng số luôn bằng 0.,generated,PUMKIN.DEV Sprint 1 M1 Gen,CC BY-NC-SA 4.0,kb_toan12_01
q_gen_m1_batch2_59,THPT,Toán 12,Giải tích,Khảo sát hàm số,skill_recognition,Dễ,M1,30,single_choice,Khẳng định nào sau đây là đúng về đạo hàm của hàm số hằng $y = 69$?,$y' = 0$,$y' = 1$,$y' = 69$,Không tồn tại đạo hàm,A,Đạo hàm của một hằng số luôn bằng 0.,generated,PUMKIN.DEV Sprint 1 M1 Gen,CC BY-NC-SA 4.0,kb_toan12_01
q_gen_m1_batch2_60,THPT,Toán 12,Giải tích,Khảo sát hàm số,skill_recognition,Dễ,M1,30,single_choice,Khẳng định nào sau đây là đúng về đạo hàm của hàm số hằng $y = 70$?,$y' = 0$,$y' = 1$,$y' = 70$,Không tồn tại đạo hàm,A,Đạo hàm của một hằng số luôn bằng 0.,generated,PUMKIN.DEV Sprint 1 M1 Gen,CC BY-NC-SA 4.0,kb_toan12_01
q_gen_m1_batch2_61,THPT,Toán 12,Giải tích,Khảo sát hàm số,skill_recognition,Dễ,M1,30,single_choice,Khẳng định nào sau đây là đúng về đạo hàm của hàm số hằng $y = 71$?,$y' = 0$,$y' = 1$,$y' = 71$,Không tồn tại đạo hàm,A,Đạo hàm của một hằng số luôn bằng 0.,generated,PUMKIN.DEV Sprint 1 M1 Gen,CC BY-NC-SA 4.0,kb_toan12_01
q_gen_m1_batch2_62,THPT,Toán 12,Giải tích,Khảo sát hàm số,skill_recognition,Dễ,M1,30,single_choice,Khẳng định nào sau đây là đúng về đạo hàm của hàm số hằng $y = 72$?,$y' = 0$,$y' = 1$,$y' = 72$,Không tồn tại đạo hàm,A,Đạo hàm của một hằng số luôn bằng 0.,generated,PUMKIN.DEV Sprint 1 M1 Gen,CC BY-NC-SA 4.0,kb_toan12_01
q_gen_m1_batch2_63,THPT,Toán 12,Giải tích,Khảo sát hàm số,skill_recognition,Dễ,M1,30,single_choice,Khẳng định nào sau đây là đúng về đạo hàm của hàm số hằng $y = 73$?,$y' = 0$,$y' = 1$,$y' = 73$,Không tồn tại đạo hàm,A,Đạo hàm của một hằng số luôn bằng 0.,generated,PUMKIN.DEV Sprint 1 M1 Gen,CC BY-NC-SA 4.0,kb_toan12_01
q_gen_m1_batch2_64,THPT,Toán 12,Giải tích,Khảo sát hàm số,skill_recognition,Dễ,M1,30,single_choice,Khẳng định nào sau đây là đúng về đạo hàm của hàm số hằng $y = 74$?,$y' = 0$,$y' = 1$,$y' = 74$,Không tồn tại đạo hàm,A,Đạo hàm của một hằng số luôn bằng 0.,generated,PUMKIN.DEV Sprint 1 M1 Gen,CC BY-NC-SA 4.0,kb_toan12_01
q_gen_m1_batch2_65,THPT,Toán 12,Giải tích,Khảo sát hàm số,skill_recognition,Dễ,M1,30,single_choice,Khẳng định nào sau đây là đúng về đạo hàm của hàm số hằng $y = 75$?,$y' = 0$,$y' = 1$,$y' = 75$,Không tồn tại đạo hàm,A,Đạo hàm của một hằng số luôn bằng 0.,generated,PUMKIN.DEV Sprint 1 M1 Gen,CC BY-NC-SA 4.0,kb_toan12_01
q_gen_m1_batch2_66,THPT,Toán 12,Giải tích,Khảo sát hàm số,skill_recognition,Dễ,M1,30,single_choice,Khẳng định nào sau đây là đúng về đạo hàm của hàm số hằng $y = 76$?,$y' = 0$,$y' = 1$,$y' = 76$,Không tồn tại đạo hàm,A,Đạo hàm của một hằng số luôn bằng 0.,generated,PUMKIN.DEV Sprint 1 M1 Gen,CC BY-NC-SA 4.0,kb_toan12_01
q_gen_m1_batch2_67,THPT,Toán 12,Giải tích,Khảo sát hàm số,skill_recognition,Dễ,M1,30,single_choice,Khẳng định nào sau đây là đúng về đạo hàm của hàm số hằng $y = 77$?,$y' = 0$,$y' = 1$,$y' = 77$,Không tồn tại đạo hàm,A,Đạo hàm của một hằng số luôn bằng 0.,generated,PUMKIN.DEV Sprint 1 M1 Gen,CC BY-NC-SA 4.0,kb_toan12_01
q_gen_m1_batch2_68,THPT,Toán 12,Giải tích,Khảo sát hàm số,skill_recognition,Dễ,M1,30,single_choice,Khẳng định nào sau đây là đúng về đạo hàm của hàm số hằng $y = 78$?,$y' = 0$,$y' = 1$,$y' = 78$,Không tồn tại đạo hàm,A,Đạo hàm của một hằng số luôn bằng 0.,generated,PUMKIN.DEV Sprint 1 M1 Gen,CC BY-NC-SA 4.0,kb_toan12_01
q_gen_m1_batch2_69,THPT,Toán 12,Giải tích,Khảo sát hàm số,skill_recognition,Dễ,M1,30,single_choice,Khẳng định nào sau đây là đúng về đạo hàm của hàm số hằng $y = 79$?,$y' = 0$,$y' = 1$,$y' = 79$,Không tồn tại đạo hàm,A,Đạo hàm của một hằng số luôn bằng 0.,generated,PUMKIN.DEV Sprint 1 M1 Gen,CC BY-NC-SA 4.0,kb_toan12_01
q_gen_m1_batch2_70,THPT,Toán 12,Giải tích,Khảo sát hàm số,skill_recognition,Dễ,M1,30,single_choice,Khẳng định nào sau đây là đúng về đạo hàm của hàm số hằng $y = 80$?,$y' = 0$,$y' = 1$,$y' = 80$,Không tồn tại đạo hàm,A,Đạo hàm của một hằng số luôn bằng 0.,generated,PUMKIN.DEV Sprint 1 M1 Gen,CC BY-NC-SA 4.0,kb_toan12_01
q_gen_m1_batch2_71,THPT,Toán 12,Giải tích,Khảo sát hàm số,skill_recognition,Dễ,M1,30,single_choice,Khẳng định nào sau đây là đúng về đạo hàm của hàm số hằng $y = 81$?,$y' = 0$,$y' = 1$,$y' = 81$,Không tồn tại đạo hàm,A,Đạo hàm của một hằng số luôn bằng 0.,generated,PUMKIN.DEV Sprint 1 M1 Gen,CC BY-NC-SA 4.0,kb_toan12_01
q_gen_m1_batch2_72,THPT,Toán 12,Giải tích,Khảo sát hàm số,skill_recognition,Dễ,M1,30,single_choice,Khẳng định nào sau đây là đúng về đạo hàm của hàm số hằng $y = 82$?,$y' = 0$,$y' = 1$,$y' = 82$,Không tồn tại đạo hàm,A,Đạo hàm của một hằng số luôn bằng 0.,generated,PUMKIN.DEV Sprint 1 M1 Gen,CC BY-NC-SA 4.0,kb_toan12_01
q_gen_m1_batch2_73,THPT,Toán 12,Giải tích,Khảo sát hàm số,skill_recognition,Dễ,M1,30,single_choice,Khẳng định nào sau đây là đúng về đạo hàm của hàm số hằng $y = 83$?,$y' = 0$,$y' = 1$,$y' = 83$,Không tồn tại đạo hàm,A,Đạo hàm của một hằng số luôn bằng 0.,generated,PUMKIN.DEV Sprint 1 M1 Gen,CC BY-NC-SA 4.0,kb_toan12_01
q_gen_m1_batch2_74,THPT,Toán 12,Giải tích,Khảo sát hàm số,skill_recognition,Dễ,M1,30,single_choice,Khẳng định nào sau đây là đúng về đạo hàm của hàm số hằng $y = 84$?,$y' = 0$,$y' = 1$,$y' = 84$,Không tồn tại đạo hàm,A,Đạo hàm của một hằng số luôn bằng 0.,generated,PUMKIN.DEV Sprint 1 M1 Gen,CC BY-NC-SA 4.0,kb_toan12_01
q_gen_m1_batch2_75,THPT,Toán 12,Giải tích,Khảo sát hàm số,skill_recognition,Dễ,M1,30,single_choice,Khẳng định nào sau đây là đúng về đạo hàm của hàm số hằng $y = 85$?,$y' = 0$,$y' = 1$,$y' = 85$,Không tồn tại đạo hàm,A,Đạo hàm của một hằng số luôn bằng 0.,generated,PUMKIN.DEV Sprint 1 M1 Gen,CC BY-NC-SA 4.0,kb_toan12_01
q_gen_m1_batch2_76,THPT,Toán 12,Giải tích,Khảo sát hàm số,skill_recognition,Dễ,M1,30,single_choice,Khẳng định nào sau đây là đúng về đạo hàm của hàm số hằng $y = 86$?,$y' = 0$,$y' = 1$,$y' = 86$,Không tồn tại đạo hàm,A,Đạo hàm của một hằng số luôn bằng 0.,generated,PUMKIN.DEV Sprint 1 M1 Gen,CC BY-NC-SA 4.0,kb_toan12_01
q_gen_m1_batch2_77,THPT,Toán 12,Giải tích,Khảo sát hàm số,skill_recognition,Dễ,M1,30,single_choice,Khẳng định nào sau đây là đúng về đạo hàm của hàm số hằng $y = 87$?,$y' = 0$,$y' = 1$,$y' = 87$,Không tồn tại đạo hàm,A,Đạo hàm của một hằng số luôn bằng 0.,generated,PUMKIN.DEV Sprint 1 M1 Gen,CC BY-NC-SA 4.0,kb_toan12_01
q_gen_m1_batch2_78,THPT,Toán 12,Giải tích,Khảo sát hàm số,skill_recognition,Dễ,M1,30,single_choice,Khẳng định nào sau đây là đúng về đạo hàm của hàm số hằng $y = 88$?,$y' = 0$,$y' = 1$,$y' = 88$,Không tồn tại đạo hàm,A,Đạo hàm của một hằng số luôn bằng 0.,generated,PUMKIN.DEV Sprint 1 M1 Gen,CC BY-NC-SA 4.0,kb_toan12_01
q_gen_m1_batch2_79,THPT,Toán 12,Giải tích,Khảo sát hàm số,skill_recognition,Dễ,M1,30,single_choice,Khẳng định nào sau đây là đúng về đạo hàm của hàm số hằng $y = 89$?,$y' = 0$,$y' = 1$,$y' = 89$,Không tồn tại đạo hàm,A,Đạo hàm của một hằng số luôn bằng 0.,generated,PUMKIN.DEV Sprint 1 M1 Gen,CC BY-NC-SA 4.0,kb_toan12_01
q_gen_m1_batch2_80,THPT,Toán 12,Giải tích,Khảo sát hàm số,skill_recognition,Dễ,M1,30,single_choice,Khẳng định nào sau đây là đúng về đạo hàm của hàm số hằng $y = 90$?,$y' = 0$,$y' = 1$,$y' = 90$,Không tồn tại đạo hàm,A,Đạo hàm của một hằng số luôn bằng 0.,generated,PUMKIN.DEV Sprint 1 M1 Gen,CC BY-NC-SA 4.0,kb_toan12_01
q_gen_m1_batch2_81,THPT,Toán 12,Giải tích,Khảo sát hàm số,skill_recognition,Dễ,M1,30,single_choice,Khẳng định nào sau đây là đúng về đạo hàm của hàm số hằng $y = 91$?,$y' = 0$,$y' = 1$,$y' = 91$,Không tồn tại đạo hàm,A,Đạo hàm của một hằng số luôn bằng 0.,generated,PUMKIN.DEV Sprint 1 M1 Gen,CC BY-NC-SA 4.0,kb_toan12_01
q_gen_m1_batch2_82,THPT,Toán 12,Giải tích,Khảo sát hàm số,skill_recognition,Dễ,M1,30,single_choice,Khẳng định nào sau đây là đúng về đạo hàm của hàm số hằng $y = 92$?,$y' = 0$,$y' = 1$,$y' = 92$,Không tồn tại đạo hàm,A,Đạo hàm của một hằng số luôn bằng 0.,generated,PUMKIN.DEV Sprint 1 M1 Gen,CC BY-NC-SA 4.0,kb_toan12_01
q_gen_m1_batch2_83,THPT,Toán 12,Giải tích,Khảo sát hàm số,skill_recognition,Dễ,M1,30,single_choice,Khẳng định nào sau đây là đúng về đạo hàm của hàm số hằng $y = 93$?,$y' = 0$,$y' = 1$,$y' = 93$,Không tồn tại đạo hàm,A,Đạo hàm của một hằng số luôn bằng 0.,generated,PUMKIN.DEV Sprint 1 M1 Gen,CC BY-NC-SA 4.0,kb_toan12_01
q_gen_m1_batch2_84,THPT,Toán 12,Giải tích,Khảo sát hàm số,skill_recognition,Dễ,M1,30,single_choice,Khẳng định nào sau đây là đúng về đạo hàm của hàm số hằng $y = 94$?,$y' = 0$,$y' = 1$,$y' = 94$,Không tồn tại đạo hàm,A,Đạo hàm của một hằng số luôn bằng 0.,generated,PUMKIN.DEV Sprint 1 M1 Gen,CC BY-NC-SA 4.0,kb_toan12_01
q_gen_m1_batch2_85,THPT,Toán 12,Giải tích,Khảo sát hàm số,skill_recognition,Dễ,M1,30,single_choice,Khẳng định nào sau đây là đúng về đạo hàm của hàm số hằng $y = 95$?,$y' = 0$,$y' = 1$,$y' = 95$,Không tồn tại đạo hàm,A,Đạo hàm của một hằng số luôn bằng 0.,generated,PUMKIN.DEV Sprint 1 M1 Gen,CC BY-NC-SA 4.0,kb_toan12_01
q_gen_m1_batch2_86,THPT,Toán 12,Giải tích,Khảo sát hàm số,skill_recognition,Dễ,M1,30,single_choice,Khẳng định nào sau đây là đúng về đạo hàm của hàm số hằng $y = 96$?,$y' = 0$,$y' = 1$,$y' = 96$,Không tồn tại đạo hàm,A,Đạo hàm của một hằng số luôn bằng 0.,generated,PUMKIN.DEV Sprint 1 M1 Gen,CC BY-NC-SA 4.0,kb_toan12_01
q_gen_m1_batch2_87,THPT,Toán 12,Giải tích,Khảo sát hàm số,skill_recognition,Dễ,M1,30,single_choice,Khẳng định nào sau đây là đúng về đạo hàm của hàm số hằng $y = 97$?,$y' = 0$,$y' = 1$,$y' = 97$,Không tồn tại đạo hàm,A,Đạo hàm của một hằng số luôn bằng 0.,generated,PUMKIN.DEV Sprint 1 M1 Gen,CC BY-NC-SA 4.0,kb_toan12_01
q_gen_m1_batch2_88,THPT,Toán 12,Giải tích,Khảo sát hàm số,skill_recognition,Dễ,M1,30,single_choice,Khẳng định nào sau đây là đúng về đạo hàm của hàm số hằng $y = 98$?,$y' = 0$,$y' = 1$,$y' = 98$,Không tồn tại đạo hàm,A,Đạo hàm của một hằng số luôn bằng 0.,generated,PUMKIN.DEV Sprint 1 M1 Gen,CC BY-NC-SA 4.0,kb_toan12_01
q_gen_m1_batch2_89,THPT,Toán 12,Giải tích,Khảo sát hàm số,skill_recognition,Dễ,M1,30,single_choice,Khẳng định nào sau đây là đúng về đạo hàm của hàm số hằng $y = 99$?,$y' = 0$,$y' = 1$,$y' = 99$,Không tồn tại đạo hàm,A,Đạo hàm của một hằng số luôn bằng 0.,generated,PUMKIN.DEV Sprint 1 M1 Gen,CC BY-NC-SA 4.0,kb_toan12_01
q_boss_sprint1_0,TSA,Toán 12,Giải tích,Tích phân & Ứng dụng,skill_modeling;skill_reasoning;skill_calculation,Siêu Khó,M4,300,single_choice,Cho hàm số $f(x)$ liên tục trên $\mathbb{R}$ thỏa mãn $f(x) + 1f(-x) = \cos(x)$. Tính tích phân $I = \int_{-\frac{\pi}{2}}^{\frac{\pi}{2}} f(x) dx$.,$I = \frac{2}{2}$,$I = \frac{1}{2}$,$I = \frac{4}{2}$,$I = \frac{1}{1}$,A,"Đổi biến $x = -t$, suy ra $\int_{-\frac{\pi}{2}}^{\frac{\pi}{2}} f(x) dx = \int_{-\frac{\pi}{2}}^{\frac{\pi}{2}} f(-x) dx$. Cộng hai vế ta được $(1 + 1)I = \int_{-\frac{\pi}{2}}^{\frac{\pi}{2}} \cos(x) dx = 2$. Do đó $I = \frac{2}{2}$.",generated,PUMKIN.DEV Boss Arena Sprint 1,CC BY-NC-SA 4.0,kb_toan12_05
q_boss_sprint1_1,TSA,Toán 12,Giải tích,Tích phân & Ứng dụng,skill_modeling;skill_reasoning;skill_calculation,Siêu Khó,M4,300,single_choice,Cho hàm số $f(x)$ liên tục trên $\mathbb{R}$ thỏa mãn $f(x) + 2f(-x) = \cos(x)$. Tính tích phân $I = \int_{-\frac{\pi}{2}}^{\frac{\pi}{2}} f(x) dx$.,$I = \frac{2}{3}$,$I = \frac{1}{3}$,$I = \frac{4}{3}$,$I = \frac{1}{2}$,A,"Đổi biến $x = -t$, suy ra $\int_{-\frac{\pi}{2}}^{\frac{\pi}{2}} f(x) dx = \int_{-\frac{\pi}{2}}^{\frac{\pi}{2}} f(-x) dx$. Cộng hai vế ta được $(1 + 2)I = \int_{-\frac{\pi}{2}}^{\frac{\pi}{2}} \cos(x) dx = 2$. Do đó $I = \frac{2}{3}$.",generated,PUMKIN.DEV Boss Arena Sprint 1,CC BY-NC-SA 4.0,kb_toan12_05
q_boss_sprint1_2,TSA,Toán 12,Giải tích,Tích phân & Ứng dụng,skill_modeling;skill_reasoning;skill_calculation,Siêu Khó,M4,300,single_choice,Cho hàm số $f(x)$ liên tục trên $\mathbb{R}$ thỏa mãn $f(x) + 3f(-x) = \cos(x)$. Tính tích phân $I = \int_{-\frac{\pi}{2}}^{\frac{\pi}{2}} f(x) dx$.,$I = \frac{2}{4}$,$I = \frac{1}{4}$,$I = \frac{4}{4}$,$I = \frac{1}{3}$,A,"Đổi biến $x = -t$, suy ra $\int_{-\frac{\pi}{2}}^{\frac{\pi}{2}} f(x) dx = \int_{-\frac{\pi}{2}}^{\frac{\pi}{2}} f(-x) dx$. Cộng hai vế ta được $(1 + 3)I = \int_{-\frac{\pi}{2}}^{\frac{\pi}{2}} \cos(x) dx = 2$. Do đó $I = \frac{2}{4}$.",generated,PUMKIN.DEV Boss Arena Sprint 1,CC BY-NC-SA 4.0,kb_toan12_05
q_boss_sprint1_3,TSA,Toán 12,Giải tích,Tích phân & Ứng dụng,skill_modeling;skill_reasoning;skill_calculation,Siêu Khó,M4,300,single_choice,Cho hàm số $f(x)$ liên tục trên $\mathbb{R}$ thỏa mãn $f(x) + 4f(-x) = \cos(x)$. Tính tích phân $I = \int_{-\frac{\pi}{2}}^{\frac{\pi}{2}} f(x) dx$.,$I = \frac{2}{5}$,$I = \frac{1}{5}$,$I = \frac{4}{5}$,$I = \frac{1}{4}$,A,"Đổi biến $x = -t$, suy ra $\int_{-\frac{\pi}{2}}^{\frac{\pi}{2}} f(x) dx = \int_{-\frac{\pi}{2}}^{\frac{\pi}{2}} f(-x) dx$. Cộng hai vế ta được $(1 + 4)I = \int_{-\frac{\pi}{2}}^{\frac{\pi}{2}} \cos(x) dx = 2$. Do đó $I = \frac{2}{5}$.",generated,PUMKIN.DEV Boss Arena Sprint 1,CC BY-NC-SA 4.0,kb_toan12_05
q_boss_sprint1_4,TSA,Toán 12,Giải tích,Tích phân & Ứng dụng,skill_modeling;skill_reasoning;skill_calculation,Siêu Khó,M4,300,single_choice,Cho hàm số $f(x)$ liên tục trên $\mathbb{R}$ thỏa mãn $f(x) + 5f(-x) = \cos(x)$. Tính tích phân $I = \int_{-\frac{\pi}{2}}^{\frac{\pi}{2}} f(x) dx$.,$I = \frac{2}{6}$,$I = \frac{1}{6}$,$I = \frac{4}{6}$,$I = \frac{1}{5}$,A,"Đổi biến $x = -t$, suy ra $\int_{-\frac{\pi}{2}}^{\frac{\pi}{2}} f(x) dx = \int_{-\frac{\pi}{2}}^{\frac{\pi}{2}} f(-x) dx$. Cộng hai vế ta được $(1 + 5)I = \int_{-\frac{\pi}{2}}^{\frac{\pi}{2}} \cos(x) dx = 2$. Do đó $I = \frac{2}{6}$.",generated,PUMKIN.DEV Boss Arena Sprint 1,CC BY-NC-SA 4.0,kb_toan12_05
q_boss_sprint1_5,TSA,Toán 12,Giải tích,Tích phân & Ứng dụng,skill_modeling;skill_reasoning;skill_calculation,Siêu Khó,M4,300,single_choice,Cho hàm số $f(x)$ liên tục trên $\mathbb{R}$ thỏa mãn $f(x) + 6f(-x) = \cos(x)$. Tính tích phân $I = \int_{-\frac{\pi}{2}}^{\frac{\pi}{2}} f(x) dx$.,$I = \frac{2}{7}$,$I = \frac{1}{7}$,$I = \frac{4}{7}$,$I = \frac{1}{6}$,A,"Đổi biến $x = -t$, suy ra $\int_{-\frac{\pi}{2}}^{\frac{\pi}{2}} f(x) dx = \int_{-\frac{\pi}{2}}^{\frac{\pi}{2}} f(-x) dx$. Cộng hai vế ta được $(1 + 6)I = \int_{-\frac{\pi}{2}}^{\frac{\pi}{2}} \cos(x) dx = 2$. Do đó $I = \frac{2}{7}$.",generated,PUMKIN.DEV Boss Arena Sprint 1,CC BY-NC-SA 4.0,kb_toan12_05
q_boss_sprint1_6,TSA,Toán 12,Giải tích,Tích phân & Ứng dụng,skill_modeling;skill_reasoning;skill_calculation,Siêu Khó,M4,300,single_choice,Cho hàm số $f(x)$ liên tục trên $\mathbb{R}$ thỏa mãn $f(x) + 7f(-x) = \cos(x)$. Tính tích phân $I = \int_{-\frac{\pi}{2}}^{\frac{\pi}{2}} f(x) dx$.,$I = \frac{2}{8}$,$I = \frac{1}{8}$,$I = \frac{4}{8}$,$I = \frac{1}{7}$,A,"Đổi biến $x = -t$, suy ra $\int_{-\frac{\pi}{2}}^{\frac{\pi}{2}} f(x) dx = \int_{-\frac{\pi}{2}}^{\frac{\pi}{2}} f(-x) dx$. Cộng hai vế ta được $(1 + 7)I = \int_{-\frac{\pi}{2}}^{\frac{\pi}{2}} \cos(x) dx = 2$. Do đó $I = \frac{2}{8}$.",generated,PUMKIN.DEV Boss Arena Sprint 1,CC BY-NC-SA 4.0,kb_toan12_05
q_boss_sprint1_7,TSA,Toán 12,Giải tích,Tích phân & Ứng dụng,skill_modeling;skill_reasoning;skill_calculation,Siêu Khó,M4,300,single_choice,Cho hàm số $f(x)$ liên tục trên $\mathbb{R}$ thỏa mãn $f(x) + 8f(-x) = \cos(x)$. Tính tích phân $I = \int_{-\frac{\pi}{2}}^{\frac{\pi}{2}} f(x) dx$.,$I = \frac{2}{9}$,$I = \frac{1}{9}$,$I = \frac{4}{9}$,$I = \frac{1}{8}$,A,"Đổi biến $x = -t$, suy ra $\int_{-\frac{\pi}{2}}^{\frac{\pi}{2}} f(x) dx = \int_{-\frac{\pi}{2}}^{\frac{\pi}{2}} f(-x) dx$. Cộng hai vế ta được $(1 + 8)I = \int_{-\frac{\pi}{2}}^{\frac{\pi}{2}} \cos(x) dx = 2$. Do đó $I = \frac{2}{9}$.",generated,PUMKIN.DEV Boss Arena Sprint 1,CC BY-NC-SA 4.0,kb_toan12_05
q_boss_sprint1_8,TSA,Toán 12,Giải tích,Tích phân & Ứng dụng,skill_modeling;skill_reasoning;skill_calculation,Siêu Khó,M4,300,single_choice,Cho hàm số $f(x)$ liên tục trên $\mathbb{R}$ thỏa mãn $f(x) + 9f(-x) = \cos(x)$. Tính tích phân $I = \int_{-\frac{\pi}{2}}^{\frac{\pi}{2}} f(x) dx$.,$I = \frac{2}{10}$,$I = \frac{1}{10}$,$I = \frac{4}{10}$,$I = \frac{1}{9}$,A,"Đổi biến $x = -t$, suy ra $\int_{-\frac{\pi}{2}}^{\frac{\pi}{2}} f(x) dx = \int_{-\frac{\pi}{2}}^{\frac{\pi}{2}} f(-x) dx$. Cộng hai vế ta được $(1 + 9)I = \int_{-\frac{\pi}{2}}^{\frac{\pi}{2}} \cos(x) dx = 2$. Do đó $I = \frac{2}{10}$.",generated,PUMKIN.DEV Boss Arena Sprint 1,CC BY-NC-SA 4.0,kb_toan12_05
q_boss_sprint1_9,TSA,Toán 12,Giải tích,Tích phân & Ứng dụng,skill_modeling;skill_reasoning;skill_calculation,Siêu Khó,M4,300,single_choice,Cho hàm số $f(x)$ liên tục trên $\mathbb{R}$ thỏa mãn $f(x) + 10f(-x) = \cos(x)$. Tính tích phân $I = \int_{-\frac{\pi}{2}}^{\frac{\pi}{2}} f(x) dx$.,$I = \frac{2}{11}$,$I = \frac{1}{11}$,$I = \frac{4}{11}$,$I = \frac{1}{10}$,A,"Đổi biến $x = -t$, suy ra $\int_{-\frac{\pi}{2}}^{\frac{\pi}{2}} f(x) dx = \int_{-\frac{\pi}{2}}^{\frac{\pi}{2}} f(-x) dx$. Cộng hai vế ta được $(1 + 10)I = \int_{-\frac{\pi}{2}}^{\frac{\pi}{2}} \cos(x) dx = 2$. Do đó $I = \frac{2}{11}$.",generated,PUMKIN.DEV Boss Arena Sprint 1,CC BY-NC-SA 4.0,kb_toan12_05
q_boss_sprint1_10,TSA,Toán 12,Giải tích,Tích phân & Ứng dụng,skill_modeling;skill_reasoning;skill_calculation,Siêu Khó,M4,300,single_choice,Cho hàm số $f(x)$ liên tục trên $\mathbb{R}$ thỏa mãn $f(x) + 11f(-x) = \cos(x)$. Tính tích phân $I = \int_{-\frac{\pi}{2}}^{\frac{\pi}{2}} f(x) dx$.,$I = \frac{2}{12}$,$I = \frac{1}{12}$,$I = \frac{4}{12}$,$I = \frac{1}{11}$,A,"Đổi biến $x = -t$, suy ra $\int_{-\frac{\pi}{2}}^{\frac{\pi}{2}} f(x) dx = \int_{-\frac{\pi}{2}}^{\frac{\pi}{2}} f(-x) dx$. Cộng hai vế ta được $(1 + 11)I = \int_{-\frac{\pi}{2}}^{\frac{\pi}{2}} \cos(x) dx = 2$. Do đó $I = \frac{2}{12}$.",generated,PUMKIN.DEV Boss Arena Sprint 1,CC BY-NC-SA 4.0,kb_toan12_05
q_boss_sprint1_11,TSA,Toán 12,Giải tích,Tích phân & Ứng dụng,skill_modeling;skill_reasoning;skill_calculation,Siêu Khó,M4,300,single_choice,Cho hàm số $f(x)$ liên tục trên $\mathbb{R}$ thỏa mãn $f(x) + 12f(-x) = \cos(x)$. Tính tích phân $I = \int_{-\frac{\pi}{2}}^{\frac{\pi}{2}} f(x) dx$.,$I = \frac{2}{13}$,$I = \frac{1}{13}$,$I = \frac{4}{13}$,$I = \frac{1}{12}$,A,"Đổi biến $x = -t$, suy ra $\int_{-\frac{\pi}{2}}^{\frac{\pi}{2}} f(x) dx = \int_{-\frac{\pi}{2}}^{\frac{\pi}{2}} f(-x) dx$. Cộng hai vế ta được $(1 + 12)I = \int_{-\frac{\pi}{2}}^{\frac{\pi}{2}} \cos(x) dx = 2$. Do đó $I = \frac{2}{13}$.",generated,PUMKIN.DEV Boss Arena Sprint 1,CC BY-NC-SA 4.0,kb_toan12_05
q_boss_sprint1_12,TSA,Toán 12,Giải tích,Tích phân & Ứng dụng,skill_modeling;skill_reasoning;skill_calculation,Siêu Khó,M4,300,single_choice,Cho hàm số $f(x)$ liên tục trên $\mathbb{R}$ thỏa mãn $f(x) + 13f(-x) = \cos(x)$. Tính tích phân $I = \int_{-\frac{\pi}{2}}^{\frac{\pi}{2}} f(x) dx$.,$I = \frac{2}{14}$,$I = \frac{1}{14}$,$I = \frac{4}{14}$,$I = \frac{1}{13}$,A,"Đổi biến $x = -t$, suy ra $\int_{-\frac{\pi}{2}}^{\frac{\pi}{2}} f(x) dx = \int_{-\frac{\pi}{2}}^{\frac{\pi}{2}} f(-x) dx$. Cộng hai vế ta được $(1 + 13)I = \int_{-\frac{\pi}{2}}^{\frac{\pi}{2}} \cos(x) dx = 2$. Do đó $I = \frac{2}{14}$.",generated,PUMKIN.DEV Boss Arena Sprint 1,CC BY-NC-SA 4.0,kb_toan12_05
q_boss_sprint1_13,TSA,Toán 12,Giải tích,Tích phân & Ứng dụng,skill_modeling;skill_reasoning;skill_calculation,Siêu Khó,M4,300,single_choice,Cho hàm số $f(x)$ liên tục trên $\mathbb{R}$ thỏa mãn $f(x) + 14f(-x) = \cos(x)$. Tính tích phân $I = \int_{-\frac{\pi}{2}}^{\frac{\pi}{2}} f(x) dx$.,$I = \frac{2}{15}$,$I = \frac{1}{15}$,$I = \frac{4}{15}$,$I = \frac{1}{14}$,A,"Đổi biến $x = -t$, suy ra $\int_{-\frac{\pi}{2}}^{\frac{\pi}{2}} f(x) dx = \int_{-\frac{\pi}{2}}^{\frac{\pi}{2}} f(-x) dx$. Cộng hai vế ta được $(1 + 14)I = \int_{-\frac{\pi}{2}}^{\frac{\pi}{2}} \cos(x) dx = 2$. Do đó $I = \frac{2}{15}$.",generated,PUMKIN.DEV Boss Arena Sprint 1,CC BY-NC-SA 4.0,kb_toan12_05
q_boss_sprint1_14,TSA,Toán 12,Giải tích,Tích phân & Ứng dụng,skill_modeling;skill_reasoning;skill_calculation,Siêu Khó,M4,300,single_choice,Cho hàm số $f(x)$ liên tục trên $\mathbb{R}$ thỏa mãn $f(x) + 15f(-x) = \cos(x)$. Tính tích phân $I = \int_{-\frac{\pi}{2}}^{\frac{\pi}{2}} f(x) dx$.,$I = \frac{2}{16}$,$I = \frac{1}{16}$,$I = \frac{4}{16}$,$I = \frac{1}{15}$,A,"Đổi biến $x = -t$, suy ra $\int_{-\frac{\pi}{2}}^{\frac{\pi}{2}} f(x) dx = \int_{-\frac{\pi}{2}}^{\frac{\pi}{2}} f(-x) dx$. Cộng hai vế ta được $(1 + 15)I = \int_{-\frac{\pi}{2}}^{\frac{\pi}{2}} \cos(x) dx = 2$. Do đó $I = \frac{2}{16}$.",generated,PUMKIN.DEV Boss Arena Sprint 1,CC BY-NC-SA 4.0,kb_toan12_05
